gene_id,gene_symbol,ensembl_id,gene_title,gene_type,src,feature_space
10007,GNPDA1,ENSG00000113552,glucosamine-6-phosphate deaminase 1,protein-coding,NCBI,landmark
1001,CDH3,ENSG00000062038,cadherin 3,protein-coding,NCBI,landmark
10013,HDAC6,ENSG00000094631,histone deacetylase 6,protein-coding,NCBI,landmark
10038,PARP2,ENSG00000129484,poly(ADP-ribose) polymerase 2,protein-coding,NCBI,landmark
10046,MAMLD1,ENSG00000013619,mastermind like domain containing 1,protein-coding,NCBI,landmark
10049,DNAJB6,ENSG00000105993,DnaJ heat shock protein family (Hsp40) member B6,protein-coding,NCBI,landmark
10051,SMC4,ENSG00000113810,structural maintenance of chromosomes 4,protein-coding,NCBI,landmark
10057,ABCC5,ENSG00000114770,ATP binding cassette subfamily C member 5,protein-coding,NCBI,landmark
10058,ABCB6,ENSG00000115657,ATP binding cassette subfamily B member 6 (Langereis blood group),protein-coding,NCBI,landmark
10059,DNM1L,ENSG00000087470,dynamin 1 like,protein-coding,NCBI,landmark
10099,TSPAN3,ENSG00000140391,tetraspanin 3,protein-coding,NCBI,landmark
10112,KIF20A,ENSG00000112984,kinesin family member 20A,protein-coding,NCBI,landmark
10123,ARL4C,ENSG00000188042,ADP ribosylation factor like GTPase 4C,protein-coding,NCBI,landmark
10131,TRAP1,ENSG00000126602,TNF receptor associated protein 1,protein-coding,NCBI,landmark
10146,G3BP1,ENSG00000145907,G3BP stress granule assembly factor 1,protein-coding,NCBI,landmark
10150,MBNL2,ENSG00000139793,muscleblind like splicing regulator 2,protein-coding,NCBI,landmark
10153,CEBPZ,ENSG00000115816,CCAAT enhancer binding protein zeta,protein-coding,NCBI,landmark
10165,SLC25A13,ENSG00000004864,solute carrier family 25 member 13,protein-coding,NCBI,landmark
1017,CDK2,ENSG00000123374,cyclin dependent kinase 2,protein-coding,NCBI,landmark
10174,SORBS3,ENSG00000120896,sorbin and SH3 domain containing 3,protein-coding,NCBI,landmark
10180,RBM6,ENSG00000004534,RNA binding motif protein 6,protein-coding,NCBI,landmark
1019,CDK4,ENSG00000135446,cyclin dependent kinase 4,protein-coding,NCBI,landmark
10190,TXNDC9,ENSG00000115514,thioredoxin domain containing 9,protein-coding,NCBI,landmark
102,ADAM10,ENSG00000137845,ADAM metallopeptidase domain 10,protein-coding,NCBI,landmark
10206,TRIM13,ENSG00000204977,tripartite motif containing 13,protein-coding,NCBI,landmark
1021,CDK6,ENSG00000105810,cyclin dependent kinase 6,protein-coding,NCBI,landmark
1022,CDK7,ENSG00000134058,cyclin dependent kinase 7,protein-coding,NCBI,landmark
10221,TRIB1,ENSG00000173334,tribbles pseudokinase 1,protein-coding,NCBI,landmark
10227,MFSD10,ENSG00000109736,major facilitator superfamily domain containing 10,protein-coding,NCBI,landmark
10237,SLC35B1,ENSG00000121073,solute carrier family 35 member B1,protein-coding,NCBI,landmark
10245,TIMM17B,ENSG00000126768,translocase of inner mitochondrial membrane 17B,protein-coding,NCBI,landmark
1026,CDKN1A,ENSG00000124762,cyclin dependent kinase inhibitor 1A,protein-coding,NCBI,landmark
1027,CDKN1B,ENSG00000111276,cyclin dependent kinase inhibitor 1B,protein-coding,NCBI,landmark
10270,AKAP8,ENSG00000105127,A-kinase anchoring protein 8,protein-coding,NCBI,landmark
10273,STUB1,ENSG00000103266,STIP1 homology and U-box containing protein 1,protein-coding,NCBI,landmark
10276,NET1,ENSG00000173848,neuroepithelial cell transforming 1,protein-coding,NCBI,landmark
10285,SMNDC1,ENSG00000119953,survival motor neuron domain containing 1,protein-coding,NCBI,landmark
1029,CDKN2A,ENSG00000147889,cyclin dependent kinase inhibitor 2A,protein-coding,NCBI,landmark
10298,PAK4,ENSG00000130669,p21 (RAC1) activated kinase 4,protein-coding,NCBI,landmark
10318,TNIP1,ENSG00000145901,TNFAIP3 interacting protein 1,protein-coding,NCBI,landmark
10320,IKZF1,ENSG00000185811,IKAROS family zinc finger 1,protein-coding,NCBI,landmark
10329,RXYLT1,ENSG00000118600,ribitol xylosyltransferase 1,protein-coding,NCBI,landmark
10362,HMG20B,ENSG00000064961,high mobility group 20B,protein-coding,NCBI,landmark
10398,MYL9,ENSG00000101335,myosin light chain 9,protein-coding,NCBI,landmark
10434,LYPLA1,ENSG00000120992,lysophospholipase 1,protein-coding,NCBI,landmark
10450,PPIE,ENSG00000084072,peptidylprolyl isomerase E,protein-coding,NCBI,landmark
10451,VAV3,ENSG00000134215,vav guanine nucleotide exchange factor 3,protein-coding,NCBI,landmark
10489,LRRC41,ENSG00000132128,leucine rich repeat containing 41,protein-coding,NCBI,landmark
10491,CRTAP,ENSG00000170275,cartilage associated protein,protein-coding,NCBI,landmark
10493,VAT1,ENSG00000108828,vesicle amine transport 1,protein-coding,NCBI,landmark
10494,STK25,ENSG00000115694,serine/threonine kinase 25,protein-coding,NCBI,landmark
1050,CEBPA,ENSG00000245848,CCAAT enhancer binding protein alpha,protein-coding,NCBI,landmark
10513,APPBP2,ENSG00000062725,amyloid beta precursor protein binding protein 2,protein-coding,NCBI,landmark
1052,CEBPD,ENSG00000221869,CCAAT enhancer binding protein delta,protein-coding,NCBI,landmark
10523,CHERP,ENSG00000085872,calcium homeostasis endoplasmic reticulum protein,protein-coding,NCBI,landmark
10525,HYOU1,ENSG00000149428,hypoxia up-regulated 1,protein-coding,NCBI,landmark
10557,RPP38,ENSG00000152464,ribonuclease P/MRP subunit p38,protein-coding,NCBI,landmark
10559,SLC35A1,ENSG00000164414,solute carrier family 35 member A1,protein-coding,NCBI,landmark
10589,DRAP1,ENSG00000175550,DR1 associated protein 1,protein-coding,NCBI,landmark
10606,PAICS,ENSG00000128050,phosphoribosylaminoimidazole carboxylase and phosphoribosylaminoimidazolesuccinocarboxamide synthase,protein-coding,NCBI,landmark
10610,ST6GALNAC2,ENSG00000070731,"ST6 N-acetylgalactosaminide alpha-2,6-sialyltransferase 2",protein-coding,NCBI,landmark
10617,STAMBP,ENSG00000124356,STAM binding protein,protein-coding,NCBI,landmark
1062,CENPE,ENSG00000138778,centromere protein E,protein-coding,NCBI,landmark
10641,NPRL2,ENSG00000114388,"NPR2 like, GATOR1 complex subunit",protein-coding,NCBI,landmark
10644,IGF2BP2,ENSG00000073792,insulin like growth factor 2 mRNA binding protein 2,protein-coding,NCBI,landmark
10652,YKT6,ENSG00000106636,YKT6 v-SNARE homolog,protein-coding,NCBI,landmark
10668,CGRRF1,ENSG00000100532,cell growth regulator with ring finger domain 1,protein-coding,NCBI,landmark
10670,RRAGA,ENSG00000155876,Ras related GTP binding A,protein-coding,NCBI,landmark
10681,GNB5,ENSG00000069966,G protein subunit beta 5,protein-coding,NCBI,landmark
10682,EBP,ENSG00000147155,EBP cholestenol delta-isomerase,protein-coding,NCBI,landmark
10695,CNPY3,ENSG00000137161,canopy FGF signaling regulator 3,protein-coding,NCBI,landmark
1070,CETN3,ENSG00000153140,centrin 3,protein-coding,NCBI,landmark
10730,YME1L1,ENSG00000136758,YME1 like 1 ATPase,protein-coding,NCBI,landmark
10732,TCFL5,ENSG00000101190,transcription factor like 5,protein-coding,NCBI,landmark
10765,KDM5B,ENSG00000117139,lysine demethylase 5B,protein-coding,NCBI,landmark
10775,POP4,ENSG00000105171,"POP4 homolog, ribonuclease P/MRP subunit",protein-coding,NCBI,landmark
10776,ARPP19,ENSG00000128989,cAMP regulated phosphoprotein 19,protein-coding,NCBI,landmark
10782,ZNF274,ENSG00000171606,zinc finger protein 274,protein-coding,NCBI,landmark
10797,MTHFD2,ENSG00000065911,"methylenetetrahydrofolate dehydrogenase (NADP+ dependent) 2, methenyltetrahydrofolate cyclohydrolase",protein-coding,NCBI,landmark
10810,WASF3,ENSG00000132970,WASP family member 3,protein-coding,NCBI,landmark
10813,UTP14A,ENSG00000156697,UTP14A small subunit processome component,protein-coding,NCBI,landmark
10818,FRS2,ENSG00000166225,fibroblast growth factor receptor substrate 2,protein-coding,NCBI,landmark
10845,CLPX,ENSG00000166855,caseinolytic mitochondrial matrix peptidase chaperone subunit,protein-coding,NCBI,landmark
10857,PGRMC1,ENSG00000101856,progesterone receptor membrane component 1,protein-coding,NCBI,landmark
10892,MALT1,ENSG00000172175,MALT1 paracaspase,protein-coding,NCBI,landmark
10898,CPSF4,ENSG00000160917,cleavage and polyadenylation specific factor 4,protein-coding,NCBI,landmark
10904,BLCAP,ENSG00000166619,BLCAP apoptosis inducing factor,protein-coding,NCBI,landmark
10915,TCERG1,ENSG00000113649,transcription elongation regulator 1,protein-coding,NCBI,landmark
10921,RNPS1,ENSG00000205937,RNA binding protein with serine rich domain 1,protein-coding,NCBI,landmark
10953,TOMM34,ENSG00000025772,translocase of outer mitochondrial membrane 34,protein-coding,NCBI,landmark
10954,PDIA5,ENSG00000065485,protein disulfide isomerase family A member 5,protein-coding,NCBI,landmark
10962,MLLT11,ENSG00000213190,MLLT11 transcription factor 7 cofactor,protein-coding,NCBI,landmark
10969,EBNA1BP2,ENSG00000117395,EBNA1 binding protein 2,protein-coding,NCBI,landmark
10972,TMED10,ENSG00000170348,transmembrane p24 trafficking protein 10,protein-coding,NCBI,landmark
10973,ASCC3,ENSG00000112249,activating signal cointegrator 1 complex subunit 3,protein-coding,NCBI,landmark
11000,SLC27A3,ENSG00000143554,solute carrier family 27 member 3,protein-coding,NCBI,landmark
11004,KIF2C,ENSG00000142945,kinesin family member 2C,protein-coding,NCBI,landmark
11007,CCDC85B,ENSG00000175602,coiled-coil domain containing 85B,protein-coding,NCBI,landmark
11011,TLK2,ENSG00000146872,tousled like kinase 2,protein-coding,NCBI,landmark
11014,KDELR2,ENSG00000136240,KDEL endoplasmic reticulum protein retention receptor 2,protein-coding,NCBI,landmark
11031,RAB31,ENSG00000168461,"RAB31, member RAS oncogene family",protein-coding,NCBI,landmark
11041,B4GAT1,ENSG00000174684,"beta-1,4-glucuronyltransferase 1",protein-coding,NCBI,landmark
11044,TENT4A,ENSG00000112941,terminal nucleotidyltransferase 4A,protein-coding,NCBI,landmark
11065,UBE2C,ENSG00000175063,ubiquitin conjugating enzyme E2 C,protein-coding,NCBI,landmark
11072,DUSP14,ENSG00000276023,dual specificity phosphatase 14,protein-coding,NCBI,landmark
11073,TOPBP1,ENSG00000163781,DNA topoisomerase II binding protein 1,protein-coding,NCBI,landmark
11098,PRSS23,ENSG00000150687,serine protease 23,protein-coding,NCBI,landmark
1111,CHEK1,ENSG00000149554,checkpoint kinase 1,protein-coding,NCBI,landmark
11137,PWP1,ENSG00000136045,"PWP1 homolog, endonuclein",protein-coding,NCBI,landmark
11142,PKIG,ENSG00000168734,cAMP-dependent protein kinase inhibitor gamma,protein-coding,NCBI,landmark
11151,CORO1A,ENSG00000102879,coronin 1A,protein-coding,NCBI,landmark
11157,LSM6,ENSG00000164167,"LSM6 homolog, U6 small nuclear RNA and mRNA degradation associated",protein-coding,NCBI,landmark
11168,PSIP1,ENSG00000164985,PC4 and SFRS1 interacting protein 1,protein-coding,NCBI,landmark
11182,SLC2A6,ENSG00000160326,solute carrier family 2 member 6,protein-coding,NCBI,landmark
11188,NISCH,ENSG00000010322,nischarin,protein-coding,NCBI,landmark
11200,CHEK2,ENSG00000183765,checkpoint kinase 2,protein-coding,NCBI,landmark
1123,CHN1,ENSG00000128656,chimerin 1,protein-coding,NCBI,landmark
11230,PRAF2,ENSG00000243279,PRA1 domain family member 2,protein-coding,NCBI,landmark
11232,POLG2,ENSG00000256525,"DNA polymerase gamma 2, accessory subunit",protein-coding,NCBI,landmark
11261,CHP1,ENSG00000187446,calcineurin like EF-hand protein 1,protein-coding,NCBI,landmark
11284,PNKP,ENSG00000039650,polynucleotide kinase 3'-phosphatase,protein-coding,NCBI,landmark
11319,ECD,ENSG00000122882,ecdysoneless cell cycle regulator,protein-coding,NCBI,landmark
11325,DDX42,ENSG00000198231,DEAD-box helicase 42,protein-coding,NCBI,landmark
11344,TWF2,ENSG00000247596,twinfilin actin binding protein 2,protein-coding,NCBI,landmark
1153,CIRBP,ENSG00000099622,cold inducible RNA binding protein,protein-coding,NCBI,landmark
116832,RPL39L,ENSG00000163923,ribosomal protein L39 like,protein-coding,NCBI,landmark
1212,CLTB,ENSG00000175416,clathrin light chain B,protein-coding,NCBI,landmark
1213,CLTC,ENSG00000141367,clathrin heavy chain,protein-coding,NCBI,landmark
124583,CANT1,ENSG00000171302,calcium activated nucleotidase 1,protein-coding,NCBI,landmark
1277,COL1A1,ENSG00000108821,collagen type I alpha 1 chain,protein-coding,NCBI,landmark
128,ADH5,ENSG00000197894,"alcohol dehydrogenase 5 (class III), chi polypeptide",protein-coding,NCBI,landmark
1282,COL4A1,ENSG00000187498,collagen type IV alpha 1 chain,protein-coding,NCBI,landmark
1385,CREB1,ENSG00000118260,cAMP responsive element binding protein 1,protein-coding,NCBI,landmark
1398,CRK,ENSG00000167193,"CRK proto-oncogene, adaptor protein",protein-coding,NCBI,landmark
1399,CRKL,ENSG00000099942,"CRK like proto-oncogene, adaptor protein",protein-coding,NCBI,landmark
142,PARP1,ENSG00000143799,poly(ADP-ribose) polymerase 1,protein-coding,NCBI,landmark
1429,CRYZ,ENSG00000116791,crystallin zeta,protein-coding,NCBI,landmark
1445,CSK,ENSG00000103653,C-terminal Src kinase,protein-coding,NCBI,landmark
1452,CSNK1A1,ENSG00000113712,casein kinase 1 alpha 1,protein-coding,NCBI,landmark
1454,CSNK1E,ENSG00000213923,casein kinase 1 epsilon,protein-coding,NCBI,landmark
1459,CSNK2A2,ENSG00000070770,casein kinase 2 alpha 2,protein-coding,NCBI,landmark
1465,CSRP1,ENSG00000159176,cysteine and glycine rich protein 1,protein-coding,NCBI,landmark
147179,WIPF2,ENSG00000171475,WAS/WASL interacting protein family member 2,protein-coding,NCBI,landmark
148022,TICAM1,ENSG00000127666,toll like receptor adaptor molecule 1,protein-coding,NCBI,landmark
1500,CTNND1,ENSG00000198561,catenin delta 1,protein-coding,NCBI,landmark
1509,CTSD,ENSG00000117984,cathepsin D,protein-coding,NCBI,landmark
1514,CTSL,ENSG00000135047,cathepsin L,protein-coding,NCBI,landmark
1534,CYB561,ENSG00000008283,cytochrome b561,protein-coding,NCBI,landmark
154,ADRB2,ENSG00000169252,adrenoceptor beta 2,protein-coding,NCBI,landmark
16,AARS,ENSG00000090861,alanyl-tRNA synthetase,protein-coding,NCBI,landmark
1605,DAG1,ENSG00000173402,dystroglycan 1,protein-coding,NCBI,landmark
1616,DAXX,ENSG00000204209,death domain associated protein,protein-coding,NCBI,landmark
1633,DCK,ENSG00000156136,deoxycytidine kinase,protein-coding,NCBI,landmark
1635,DCTD,ENSG00000129187,dCMP deaminase,protein-coding,NCBI,landmark
1643,DDB2,ENSG00000134574,damage specific DNA binding protein 2,protein-coding,NCBI,landmark
1647,GADD45A,ENSG00000116717,growth arrest and DNA damage inducible alpha,protein-coding,NCBI,landmark
1662,DDX10,ENSG00000178105,DEAD-box helicase 10,protein-coding,NCBI,landmark
1666,DECR1,ENSG00000104325,"2,4-dienoyl-CoA reductase 1",protein-coding,NCBI,landmark
1676,DFFA,ENSG00000160049,DNA fragmentation factor subunit alpha,protein-coding,NCBI,landmark
1677,DFFB,ENSG00000169598,DNA fragmentation factor subunit beta,protein-coding,NCBI,landmark
1738,DLD,ENSG00000091140,dihydrolipoamide dehydrogenase,protein-coding,NCBI,landmark
1759,DNM1,ENSG00000106976,dynamin 1,protein-coding,NCBI,landmark
178,AGL,ENSG00000162688,"amylo-alpha-1, 6-glucosidase, 4-alpha-glucanotransferase",protein-coding,NCBI,landmark
1786,DNMT1,ENSG00000130816,DNA methyltransferase 1,protein-coding,NCBI,landmark
1788,DNMT3A,ENSG00000119772,DNA methyltransferase 3 alpha,protein-coding,NCBI,landmark
1802,DPH2,ENSG00000132768,diphthamide biosynthesis 2,protein-coding,NCBI,landmark
1829,DSG2,ENSG00000046604,desmoglein 2,protein-coding,NCBI,landmark
1831,TSC22D3,ENSG00000157514,TSC22 domain family member 3,protein-coding,NCBI,landmark
1845,DUSP3,ENSG00000108861,dual specificity phosphatase 3,protein-coding,NCBI,landmark
1846,DUSP4,ENSG00000120875,dual specificity phosphatase 4,protein-coding,NCBI,landmark
1848,DUSP6,ENSG00000139318,dual specificity phosphatase 6,protein-coding,NCBI,landmark
1861,TOR1A,ENSG00000136827,torsin family 1 member A,protein-coding,NCBI,landmark
1870,E2F2,ENSG00000007968,E2F transcription factor 2,protein-coding,NCBI,landmark
1891,ECH1,ENSG00000104823,enoyl-CoA hydratase 1,protein-coding,NCBI,landmark
1906,EDN1,ENSG00000078401,endothelin 1,protein-coding,NCBI,landmark
1950,EGF,ENSG00000138798,epidermal growth factor,protein-coding,NCBI,landmark
1956,EGFR,ENSG00000146648,epidermal growth factor receptor,protein-coding,NCBI,landmark
1958,EGR1,ENSG00000120738,early growth response 1,protein-coding,NCBI,landmark
1978,EIF4EBP1,ENSG00000187840,eukaryotic translation initiation factor 4E binding protein 1,protein-coding,NCBI,landmark
1981,EIF4G1,ENSG00000114867,eukaryotic translation initiation factor 4 gamma 1,protein-coding,NCBI,landmark
1983,EIF5,ENSG00000100664,eukaryotic translation initiation factor 5,protein-coding,NCBI,landmark
1994,ELAVL1,ENSG00000066044,ELAV like RNA binding protein 1,protein-coding,NCBI,landmark
200081,TXLNA,ENSG00000084652,taxilin alpha,protein-coding,NCBI,landmark
200734,SPRED2,ENSG00000198369,sprouty related EVH1 domain containing 2,protein-coding,NCBI,landmark
2017,CTTN,ENSG00000085733,cortactin,protein-coding,NCBI,landmark
2037,EPB41L2,ENSG00000079819,erythrocyte membrane protein band 4.1 like 2,protein-coding,NCBI,landmark
2042,EPHA3,ENSG00000044524,EPH receptor A3,protein-coding,NCBI,landmark
2048,EPHB2,ENSG00000133216,EPH receptor B2,protein-coding,NCBI,landmark
2058,EPRS,ENSG00000136628,glutamyl-prolyl-tRNA synthetase,protein-coding,NCBI,landmark
2063,NR2F6,ENSG00000160113,nuclear receptor subfamily 2 group F member 6,protein-coding,NCBI,landmark
2064,ERBB2,ENSG00000141736,erb-b2 receptor tyrosine kinase 2,protein-coding,NCBI,landmark
2065,ERBB3,ENSG00000065361,erb-b2 receptor tyrosine kinase 3,protein-coding,NCBI,landmark
207,AKT1,ENSG00000142208,AKT serine/threonine kinase 1,protein-coding,NCBI,landmark
2109,ETFB,ENSG00000105379,electron transfer flavoprotein subunit beta,protein-coding,NCBI,landmark
211,ALAS1,ENSG00000023330,5'-aminolevulinate synthase 1,protein-coding,NCBI,landmark
2113,ETS1,ENSG00000134954,"ETS proto-oncogene 1, transcription factor",protein-coding,NCBI,landmark
2115,ETV1,ENSG00000006468,ETS variant 1,protein-coding,NCBI,landmark
2131,EXT1,ENSG00000182197,exostosin glycosyltransferase 1,protein-coding,NCBI,landmark
2146,EZH2,ENSG00000106462,enhancer of zeste 2 polycomb repressive complex 2 subunit,protein-coding,NCBI,landmark
2184,FAH,ENSG00000103876,fumarylacetoacetate hydrolase,protein-coding,NCBI,landmark
2185,PTK2B,ENSG00000120899,protein tyrosine kinase 2 beta,protein-coding,NCBI,landmark
2195,FAT1,ENSG00000083857,FAT atypical cadherin 1,protein-coding,NCBI,landmark
2222,FDFT1,ENSG00000079459,farnesyl-diphosphate farnesyltransferase 1,protein-coding,NCBI,landmark
226,ALDOA,ENSG00000149925,"aldolase, fructose-bisphosphate A",protein-coding,NCBI,landmark
2263,FGFR2,ENSG00000066468,fibroblast growth factor receptor 2,protein-coding,NCBI,landmark
2264,FGFR4,ENSG00000160867,fibroblast growth factor receptor 4,protein-coding,NCBI,landmark
2274,FHL2,ENSG00000115641,four and a half LIM domains 2,protein-coding,NCBI,landmark
22794,CASC3,ENSG00000108349,CASC3 exon junction complex subunit,protein-coding,NCBI,landmark
22796,COG2,ENSG00000135775,component of oligomeric golgi complex 2,protein-coding,NCBI,landmark
22809,ATF5,ENSG00000169136,activating transcription factor 5,protein-coding,NCBI,landmark
22823,MTF2,ENSG00000143033,metal response element binding transcription factor 2,protein-coding,NCBI,landmark
22827,PUF60,ENSG00000179950,poly(U) binding splicing factor 60,protein-coding,NCBI,landmark
22841,RAB11FIP2,ENSG00000107560,RAB11 family interacting protein 2,protein-coding,NCBI,landmark
2288,FKBP4,ENSG00000004478,FKBP prolyl isomerase 4,protein-coding,NCBI,landmark
22883,CLSTN1,ENSG00000171603,calsyntenin 1,protein-coding,NCBI,landmark
22887,FOXJ3,ENSG00000198815,forkhead box J3,protein-coding,NCBI,landmark
22889,KHDC4,ENSG00000132680,"KH domain containing 4, pre-mRNA splicing factor",protein-coding,NCBI,landmark
22905,EPN2,ENSG00000072134,epsin 2,protein-coding,NCBI,landmark
22908,SACM1L,ENSG00000211456,SAC1 like phosphatidylinositide phosphatase,protein-coding,NCBI,landmark
22926,ATF6,ENSG00000118217,activating transcription factor 6,protein-coding,NCBI,landmark
22934,RPIA,ENSG00000153574,ribose 5-phosphate isomerase A,protein-coding,NCBI,landmark
23,ABCF1,ENSG00000204574,ATP binding cassette subfamily F member 1,protein-coding,NCBI,landmark
230,ALDOC,ENSG00000109107,"aldolase, fructose-bisphosphate C",protein-coding,NCBI,landmark
23011,RAB21,ENSG00000080371,"RAB21, member RAS oncogene family",protein-coding,NCBI,landmark
23013,SPEN,ENSG00000065526,spen family transcriptional repressor,protein-coding,NCBI,landmark
23014,FBXO21,ENSG00000135108,F-box protein 21,protein-coding,NCBI,landmark
23029,RBM34,ENSG00000188739,RNA binding motif protein 34,protein-coding,NCBI,landmark
23038,WDTC1,ENSG00000142784,WD and tetratricopeptide repeats 1,protein-coding,NCBI,landmark
23039,XPO7,ENSG00000130227,exportin 7,protein-coding,NCBI,landmark
23061,TBC1D9B,ENSG00000197226,TBC1 domain family member 9B,protein-coding,NCBI,landmark
23076,RRP1B,ENSG00000160208,ribosomal RNA processing 1B,protein-coding,NCBI,landmark
23077,MYCBP2,ENSG00000005810,"MYC binding protein 2, E3 ubiquitin protein ligase",protein-coding,NCBI,landmark
2309,FOXO3,ENSG00000118689,forkhead box O3,protein-coding,NCBI,landmark
23097,CDK19,ENSG00000155111,cyclin dependent kinase 19,protein-coding,NCBI,landmark
23131,GPATCH8,ENSG00000186566,G-patch domain containing 8,protein-coding,NCBI,landmark
23139,MAST2,ENSG00000086015,microtubule associated serine/threonine kinase 2,protein-coding,NCBI,landmark
23142,DCUN1D4,ENSG00000109184,defective in cullin neddylation 1 domain containing 4,protein-coding,NCBI,landmark
23149,FCHO1,ENSG00000130475,FCH domain only 1,protein-coding,NCBI,landmark
23161,SNX13,ENSG00000071189,sorting nexin 13,protein-coding,NCBI,landmark
23200,ATP11B,ENSG00000058063,ATPase phospholipid transporting 11B (putative),protein-coding,NCBI,landmark
23210,JMJD6,ENSG00000070495,"jumonji domain containing 6, arginine demethylase and lysine hydroxylase",protein-coding,NCBI,landmark
23212,RRS1,ENSG00000179041,ribosome biogenesis regulator homolog,protein-coding,NCBI,landmark
23223,RRP12,ENSG00000052749,ribosomal RNA processing 12 homolog,protein-coding,NCBI,landmark
23224,SYNE2,ENSG00000054654,spectrin repeat containing nuclear envelope protein 2,protein-coding,NCBI,landmark
23244,PDS5A,ENSG00000121892,PDS5 cohesin associated factor A,protein-coding,NCBI,landmark
23271,CAMSAP2,ENSG00000118200,calmodulin regulated spectrin associated protein family member 2,protein-coding,NCBI,landmark
23300,ATMIN,ENSG00000166454,ATM interactor,protein-coding,NCBI,landmark
23321,TRIM2,ENSG00000109654,tripartite motif containing 2,protein-coding,NCBI,landmark
23325,WASHC4,ENSG00000136051,WASH complex subunit 4,protein-coding,NCBI,landmark
23326,USP22,ENSG00000124422,ubiquitin specific peptidase 22,protein-coding,NCBI,landmark
23335,WDR7,ENSG00000091157,WD repeat domain 7,protein-coding,NCBI,landmark
23338,JADE2,ENSG00000043143,jade family PHD finger 2,protein-coding,NCBI,landmark
23365,ARHGEF12,ENSG00000196914,Rho guanine nucleotide exchange factor 12,protein-coding,NCBI,landmark
23368,PPP1R13B,ENSG00000088808,protein phosphatase 1 regulatory subunit 13B,protein-coding,NCBI,landmark
23378,RRP8,ENSG00000132275,ribosomal RNA processing 8,protein-coding,NCBI,landmark
23386,NUDCD3,ENSG00000015676,NudC domain containing 3,protein-coding,NCBI,landmark
23410,SIRT3,ENSG00000142082,sirtuin 3,protein-coding,NCBI,landmark
23443,SLC35A3,ENSG00000117620,solute carrier family 35 member A3,protein-coding,NCBI,landmark
23463,ICMT,ENSG00000116237,isoprenylcysteine carboxyl methyltransferase,protein-coding,NCBI,landmark
23499,MACF1,ENSG00000127603,microtubule actin crosslinking factor 1,protein-coding,NCBI,landmark
23512,SUZ12,ENSG00000178691,SUZ12 polycomb repressive complex 2 subunit,protein-coding,NCBI,landmark
23522,KAT6B,ENSG00000156650,lysine acetyltransferase 6B,protein-coding,NCBI,landmark
2353,FOS,ENSG00000170345,"Fos proto-oncogene, AP-1 transcription factor subunit",protein-coding,NCBI,landmark
23530,NNT,ENSG00000112992,nicotinamide nucleotide transhydrogenase,protein-coding,NCBI,landmark
23536,ADAT1,ENSG00000065457,adenosine deaminase tRNA specific 1,protein-coding,NCBI,landmark
2356,FPGS,ENSG00000136877,folylpolyglutamate synthase,protein-coding,NCBI,landmark
23585,TMEM50A,ENSG00000183726,transmembrane protein 50A,protein-coding,NCBI,landmark
23588,KLHDC2,ENSG00000165516,kelch domain containing 2,protein-coding,NCBI,landmark
23597,ACOT9,ENSG00000123130,acyl-CoA thioesterase 9,protein-coding,NCBI,landmark
23635,SSBP2,ENSG00000145687,single stranded DNA binding protein 2,protein-coding,NCBI,landmark
23636,NUP62,ENSG00000213024,nucleoporin 62,protein-coding,NCBI,landmark
23647,ARFIP2,ENSG00000132254,ADP ribosylation factor interacting protein 2,protein-coding,NCBI,landmark
23658,LSM5,ENSG00000106355,"LSM5 homolog, U6 small nuclear RNA and mRNA degradation associated",protein-coding,NCBI,landmark
23659,PLA2G15,ENSG00000103066,phospholipase A2 group XV,protein-coding,NCBI,landmark
23670,CEMIP2,ENSG00000135048,cell migration inducing hyaluronidase 2,protein-coding,NCBI,landmark
24149,ZNF318,ENSG00000171467,zinc finger protein 318,protein-coding,NCBI,landmark
25,ABL1,ENSG00000097007,"ABL proto-oncogene 1, non-receptor tyrosine kinase",protein-coding,NCBI,landmark
2523,FUT1,ENSG00000174951,fucosyltransferase 1 (H blood group),protein-coding,NCBI,landmark
2534,FYN,ENSG00000010810,"FYN proto-oncogene, Src family tyrosine kinase",protein-coding,NCBI,landmark
2542,SLC37A4,ENSG00000137700,solute carrier family 37 member 4,protein-coding,NCBI,landmark
2548,GAA,ENSG00000171298,"glucosidase alpha, acid",protein-coding,NCBI,landmark
2553,GABPB1,ENSG00000104064,GA binding protein transcription factor subunit beta 1,protein-coding,NCBI,landmark
256364,EML3,ENSG00000149499,EMAP like 3,protein-coding,NCBI,landmark
25793,FBXO7,ENSG00000100225,F-box protein 7,protein-coding,NCBI,landmark
25803,SPDEF,ENSG00000124664,SAM pointed domain containing ETS transcription factor,protein-coding,NCBI,landmark
25805,BAMBI,ENSG00000095739,BMP and activin membrane bound inhibitor,protein-coding,NCBI,landmark
2582,GALE,ENSG00000117308,UDP-galactose-4-epimerase,protein-coding,NCBI,landmark
25825,BACE2,ENSG00000182240,beta-secretase 2,protein-coding,NCBI,landmark
25839,COG4,ENSG00000103051,component of oligomeric golgi complex 4,protein-coding,NCBI,landmark
25874,MPC2,ENSG00000143158,mitochondrial pyruvate carrier 2,protein-coding,NCBI,landmark
25932,CLIC4,ENSG00000169504,chloride intracellular channel 4,protein-coding,NCBI,landmark
25966,C2CD2,ENSG00000157617,C2 calcium dependent domain containing 2,protein-coding,NCBI,landmark
2597,GAPDH,ENSG00000111640,glyceraldehyde-3-phosphate dehydrogenase,protein-coding,NCBI,landmark
25976,TIPARP,ENSG00000163659,TCDD inducible poly(ADP-ribose) polymerase,protein-coding,NCBI,landmark
25987,TSKU,ENSG00000182704,"tsukushi, small leucine rich proteoglycan",protein-coding,NCBI,landmark
26001,RNF167,ENSG00000108523,ring finger protein 167,protein-coding,NCBI,landmark
26020,LRP10,ENSG00000197324,LDL receptor related protein 10,protein-coding,NCBI,landmark
26036,ZNF451,ENSG00000112200,zinc finger protein 451,protein-coding,NCBI,landmark
26054,SENP6,ENSG00000112701,SUMO specific peptidase 6,protein-coding,NCBI,landmark
26064,RAI14,ENSG00000039560,retinoic acid induced 14,protein-coding,NCBI,landmark
26128,KIF1BP,ENSG00000198954,KIF1 binding protein,protein-coding,NCBI,landmark
26136,TES,ENSG00000135269,testin LIM domain protein,protein-coding,NCBI,landmark
26227,PHGDH,ENSG00000092621,phosphoglycerate dehydrogenase,protein-coding,NCBI,landmark
2624,GATA2,ENSG00000179348,GATA binding protein 2,protein-coding,NCBI,landmark
2625,GATA3,ENSG00000107485,GATA binding protein 3,protein-coding,NCBI,landmark
26292,MYCBP,ENSG00000214114,MYC binding protein,protein-coding,NCBI,landmark
26511,CHIC2,ENSG00000109220,cysteine rich hydrophobic domain 2,protein-coding,NCBI,landmark
26520,TIMM9,ENSG00000100575,translocase of inner mitochondrial membrane 9,protein-coding,NCBI,landmark
2673,GFPT1,ENSG00000198380,glutamine--fructose-6-phosphate transaminase 1,protein-coding,NCBI,landmark
2690,GHR,ENSG00000112964,growth hormone receptor,protein-coding,NCBI,landmark
26993,AKAP8L,ENSG00000011243,A-kinase anchoring protein 8 like,protein-coding,NCBI,landmark
27032,ATP2C1,ENSG00000017260,ATPase secretory pathway Ca2+ transporting 1,protein-coding,NCBI,landmark
27095,TRAPPC3,ENSG00000054116,trafficking protein particle complex 3,protein-coding,NCBI,landmark
27109,DMAC2L,ENSG00000125375,distal membrane arm assembly complex 2 like,protein-coding,NCBI,landmark
27242,TNFRSF21,ENSG00000146072,TNF receptor superfamily member 21,protein-coding,NCBI,landmark
27244,SESN1,ENSG00000080546,sestrin 1,protein-coding,NCBI,landmark
27336,HTATSF1,ENSG00000102241,HIV-1 Tat specific factor 1,protein-coding,NCBI,landmark
27346,TMEM97,ENSG00000109084,transmembrane protein 97,protein-coding,NCBI,landmark
2736,GLI2,ENSG00000074047,GLI family zinc finger 2,protein-coding,NCBI,landmark
2745,GLRX,ENSG00000173221,glutaredoxin,protein-coding,NCBI,landmark
2767,GNA11,ENSG00000088256,G protein subunit alpha 11,protein-coding,NCBI,landmark
2769,GNA15,ENSG00000060558,G protein subunit alpha 15,protein-coding,NCBI,landmark
2770,GNAI1,ENSG00000127955,G protein subunit alpha i1,protein-coding,NCBI,landmark
2771,GNAI2,ENSG00000114353,G protein subunit alpha i2,protein-coding,NCBI,landmark
2778,GNAS,ENSG00000087460,GNAS complex locus,protein-coding,NCBI,landmark
2810,SFN,ENSG00000175793,stratifin,protein-coding,NCBI,landmark
2817,GPC1,ENSG00000063660,glypican 1,protein-coding,NCBI,landmark
2852,GPER1,ENSG00000164850,G protein-coupled estrogen receptor 1,protein-coding,NCBI,landmark
2886,GRB7,ENSG00000141738,growth factor receptor bound protein 7,protein-coding,NCBI,landmark
2887,GRB10,ENSG00000106070,growth factor receptor bound protein 10,protein-coding,NCBI,landmark
2896,GRN,ENSG00000030582,granulin precursor,protein-coding,NCBI,landmark
28969,BZW2,ENSG00000136261,basic leucine zipper and W2 domains 2,protein-coding,NCBI,landmark
2908,NR3C1,ENSG00000113580,nuclear receptor subfamily 3 group C member 1,protein-coding,NCBI,landmark
29082,CHMP4A,ENSG00000254505,charged multivesicular body protein 4A,protein-coding,NCBI,landmark
29083,GTPBP8,ENSG00000163607,GTP binding protein 8 (putative),protein-coding,NCBI,landmark
291,SLC25A4,ENSG00000151729,solute carrier family 25 member 4,protein-coding,NCBI,landmark
29103,DNAJC15,ENSG00000120675,DnaJ heat shock protein family (Hsp40) member C15,protein-coding,NCBI,landmark
2920,CXCL2,ENSG00000081041,C-X-C motif chemokine ligand 2,protein-coding,NCBI,landmark
2946,GSTM2,ENSG00000213366,glutathione S-transferase mu 2,protein-coding,NCBI,landmark
2954,GSTZ1,ENSG00000100577,glutathione S-transferase zeta 1,protein-coding,NCBI,landmark
2956,MSH6,ENSG00000116062,mutS homolog 6,protein-coding,NCBI,landmark
2958,GTF2A2,ENSG00000140307,general transcription factor IIA subunit 2,protein-coding,NCBI,landmark
2961,GTF2E2,ENSG00000197265,general transcription factor IIE subunit 2,protein-coding,NCBI,landmark
29763,PACSIN3,ENSG00000165912,protein kinase C and casein kinase substrate in neurons 3,protein-coding,NCBI,landmark
29890,RBM15B,ENSG00000259956,RNA binding motif protein 15B,protein-coding,NCBI,landmark
29911,HOOK2,ENSG00000095066,hook microtubule tethering protein 2,protein-coding,NCBI,landmark
29916,SNX11,ENSG00000002919,sorting nexin 11,protein-coding,NCBI,landmark
29928,TIMM22,ENSG00000177370,translocase of inner mitochondrial membrane 22,protein-coding,NCBI,landmark
29937,NENF,ENSG00000117691,neudesin neurotrophic factor,protein-coding,NCBI,landmark
29978,UBQLN2,ENSG00000188021,ubiquilin 2,protein-coding,NCBI,landmark
30,ACAA1,ENSG00000060971,acetyl-CoA acyltransferase 1,protein-coding,NCBI,landmark
30001,ERO1A,ENSG00000197930,endoplasmic reticulum oxidoreductase 1 alpha,protein-coding,NCBI,landmark
3028,HSD17B10,ENSG00000072506,hydroxysteroid 17-beta dehydrogenase 10,protein-coding,NCBI,landmark
3033,HADH,ENSG00000138796,hydroxyacyl-CoA dehydrogenase,protein-coding,NCBI,landmark
3066,HDAC2,ENSG00000196591,histone deacetylase 2,protein-coding,NCBI,landmark
30836,DNTTIP2,ENSG00000067334,deoxynucleotidyltransferase terminal interacting protein 2,protein-coding,NCBI,landmark
30849,PIK3R4,ENSG00000196455,phosphoinositide-3-kinase regulatory subunit 4,protein-coding,NCBI,landmark
3091,HIF1A,ENSG00000100644,hypoxia inducible factor 1 subunit alpha,protein-coding,NCBI,landmark
3098,HK1,ENSG00000156515,hexokinase 1,protein-coding,NCBI,landmark
310,ANXA7,ENSG00000138279,annexin A7,protein-coding,NCBI,landmark
3108,HLA-DMA,ENSG00000204257,"major histocompatibility complex, class II, DM alpha",protein-coding,NCBI,landmark
3122,HLA-DRA,ENSG00000204287,"major histocompatibility complex, class II, DR alpha",protein-coding,NCBI,landmark
3156,HMGCR,ENSG00000113161,3-hydroxy-3-methylglutaryl-CoA reductase,protein-coding,NCBI,landmark
3157,HMGCS1,ENSG00000112972,3-hydroxy-3-methylglutaryl-CoA synthase 1,protein-coding,NCBI,landmark
3162,HMOX1,ENSG00000100292,heme oxygenase 1,protein-coding,NCBI,landmark
3202,HOXA5,ENSG00000106004,homeobox A5,protein-coding,NCBI,landmark
3206,HOXA10,ENSG00000253293,homeobox A10,protein-coding,NCBI,landmark
323,APBB2,ENSG00000163697,amyloid beta precursor protein binding family B member 2,protein-coding,NCBI,landmark
3251,HPRT1,ENSG00000165704,hypoxanthine phosphoribosyltransferase 1,protein-coding,NCBI,landmark
3280,HES1,ENSG00000114315,hes family bHLH transcription factor 1,protein-coding,NCBI,landmark
329,BIRC2,ENSG00000110330,baculoviral IAP repeat containing 2,protein-coding,NCBI,landmark
3300,DNAJB2,ENSG00000135924,DnaJ heat shock protein family (Hsp40) member B2,protein-coding,NCBI,landmark
3303,HSPA1A,ENSG00000204389,heat shock protein family A (Hsp70) member 1A,protein-coding,NCBI,landmark
3308,HSPA4,ENSG00000170606,heat shock protein family A (Hsp70) member 4,protein-coding,NCBI,landmark
3312,HSPA8,ENSG00000109971,heat shock protein family A (Hsp70) member 8,protein-coding,NCBI,landmark
3315,HSPB1,ENSG00000106211,heat shock protein family B (small) member 1,protein-coding,NCBI,landmark
332,BIRC5,ENSG00000089685,baculoviral IAP repeat containing 5,protein-coding,NCBI,landmark
3329,HSPD1,ENSG00000144381,heat shock protein family D (Hsp60) member 1,protein-coding,NCBI,landmark
3337,DNAJB1,ENSG00000132002,DnaJ heat shock protein family (Hsp40) member B1,protein-coding,NCBI,landmark
3383,ICAM1,ENSG00000090339,intercellular adhesion molecule 1,protein-coding,NCBI,landmark
3385,ICAM3,ENSG00000076662,intercellular adhesion molecule 3,protein-coding,NCBI,landmark
3398,ID2,ENSG00000115738,inhibitor of DNA binding 2,protein-coding,NCBI,landmark
3416,IDE,ENSG00000119912,insulin degrading enzyme,protein-coding,NCBI,landmark
3454,IFNAR1,ENSG00000142166,interferon alpha and beta receptor subunit 1,protein-coding,NCBI,landmark
348,APOE,ENSG00000130203,apolipoprotein E,protein-coding,NCBI,landmark
3480,IGF1R,ENSG00000140443,insulin like growth factor 1 receptor,protein-coding,NCBI,landmark
3482,IGF2R,ENSG00000197081,insulin like growth factor 2 receptor,protein-coding,NCBI,landmark
3486,IGFBP3,ENSG00000146674,insulin like growth factor binding protein 3,protein-coding,NCBI,landmark
3508,IGHMBP2,ENSG00000132740,immunoglobulin mu DNA binding protein 2,protein-coding,NCBI,landmark
351,APP,ENSG00000142192,amyloid beta precursor protein,protein-coding,NCBI,landmark
355,FAS,ENSG00000026103,Fas cell surface death receptor,protein-coding,NCBI,landmark
3551,IKBKB,ENSG00000104365,inhibitor of nuclear factor kappa B kinase subunit beta,protein-coding,NCBI,landmark
3553,IL1B,ENSG00000125538,interleukin 1 beta,protein-coding,NCBI,landmark
3566,IL4R,ENSG00000077238,interleukin 4 receptor,protein-coding,NCBI,landmark
3597,IL13RA1,ENSG00000131724,interleukin 13 receptor subunit alpha 1,protein-coding,NCBI,landmark
3611,ILK,ENSG00000166333,integrin linked kinase,protein-coding,NCBI,landmark
3628,INPP1,ENSG00000151689,inositol polyphosphate-1-phosphatase,protein-coding,NCBI,landmark
3638,INSIG1,ENSG00000186480,insulin induced gene 1,protein-coding,NCBI,landmark
3682,ITGAE,ENSG00000083457,integrin subunit alpha E,protein-coding,NCBI,landmark
3693,ITGB5,ENSG00000082781,integrin subunit beta 5,protein-coding,NCBI,landmark
3725,JUN,ENSG00000177606,"Jun proto-oncogene, AP-1 transcription factor subunit",protein-coding,NCBI,landmark
375346,STIMATE,ENSG00000213533,STIM activating enhancer,protein-coding,NCBI,landmark
3775,KCNK1,ENSG00000135750,potassium two pore domain channel subfamily K member 1,protein-coding,NCBI,landmark
3800,KIF5C,ENSG00000168280,kinesin family member 5C,protein-coding,NCBI,landmark
3815,KIT,ENSG00000157404,"KIT proto-oncogene, receptor tyrosine kinase",protein-coding,NCBI,landmark
387,RHOA,ENSG00000067560,ras homolog family member A,protein-coding,NCBI,landmark
388650,DIPK1A,ENSG00000154511,divergent protein kinase domain 1A,protein-coding,NCBI,landmark
3895,KTN1,ENSG00000126777,kinectin 1,protein-coding,NCBI,landmark
39,ACAT2,ENSG00000120437,acetyl-CoA acetyltransferase 2,protein-coding,NCBI,landmark
3909,LAMA3,ENSG00000053747,laminin subunit alpha 3,protein-coding,NCBI,landmark
392,ARHGAP1,ENSG00000175220,Rho GTPase activating protein 1,protein-coding,NCBI,landmark
3925,STMN1,ENSG00000117632,stathmin 1,protein-coding,NCBI,landmark
3930,LBR,ENSG00000143815,lamin B receptor,protein-coding,NCBI,landmark
3964,LGALS8,ENSG00000116977,galectin 8,protein-coding,NCBI,landmark
3978,LIG1,ENSG00000105486,DNA ligase 1,protein-coding,NCBI,landmark
3988,LIPA,ENSG00000107798,"lipase A, lysosomal acid type",protein-coding,NCBI,landmark
4016,LOXL1,ENSG00000129038,lysyl oxidase like 1,protein-coding,NCBI,landmark
4043,LRPAP1,ENSG00000163956,LDL receptor related protein associated protein 1,protein-coding,NCBI,landmark
4067,LYN,ENSG00000254087,"LYN proto-oncogene, Src family tyrosine kinase",protein-coding,NCBI,landmark
4088,SMAD3,ENSG00000166949,SMAD family member 3,protein-coding,NCBI,landmark
4125,MAN2B1,ENSG00000104774,mannosidase alpha class 2B member 1,protein-coding,NCBI,landmark
4144,MAT2A,ENSG00000168906,methionine adenosyltransferase 2A,protein-coding,NCBI,landmark
4154,MBNL1,ENSG00000152601,muscleblind like splicing regulator 1,protein-coding,NCBI,landmark
4172,MCM3,ENSG00000112118,minichromosome maintenance complex component 3,protein-coding,NCBI,landmark
4200,ME2,ENSG00000082212,malic enzyme 2,protein-coding,NCBI,landmark
4208,MEF2C,ENSG00000081189,myocyte enhancer factor 2C,protein-coding,NCBI,landmark
4216,MAP3K4,ENSG00000085511,mitogen-activated protein kinase kinase kinase 4,protein-coding,NCBI,landmark
4232,MEST,ENSG00000106484,mesoderm specific transcript,protein-coding,NCBI,landmark
427,ASAH1,ENSG00000104763,N-acylsphingosine amidohydrolase 1,protein-coding,NCBI,landmark
4282,MIF,ENSG00000240972,macrophage migration inhibitory factor,protein-coding,NCBI,landmark
4303,FOXO4,ENSG00000184481,forkhead box O4,protein-coding,NCBI,landmark
4312,MMP1,ENSG00000196611,matrix metallopeptidase 1,protein-coding,NCBI,landmark
4313,MMP2,ENSG00000087245,matrix metallopeptidase 2,protein-coding,NCBI,landmark
4331,MNAT1,ENSG00000020426,MNAT1 component of CDK activating kinase,protein-coding,NCBI,landmark
4482,MSRA,ENSG00000175806,methionine sulfoxide reductase A,protein-coding,NCBI,landmark
4582,MUC1,ENSG00000185499,"mucin 1, cell surface associated",protein-coding,NCBI,landmark
4605,MYBL2,ENSG00000101057,MYB proto-oncogene like 2,protein-coding,NCBI,landmark
4609,MYC,ENSG00000136997,"MYC proto-oncogene, bHLH transcription factor",protein-coding,NCBI,landmark
4616,GADD45B,ENSG00000099860,growth arrest and DNA damage inducible beta,protein-coding,NCBI,landmark
4638,MYLK,ENSG00000065534,myosin light chain kinase,protein-coding,NCBI,landmark
4651,MYO10,ENSG00000145555,myosin X,protein-coding,NCBI,landmark
466,ATF1,ENSG00000123268,activating transcription factor 1,protein-coding,NCBI,landmark
4690,NCK1,ENSG00000158092,NCK adaptor protein 1,protein-coding,NCBI,landmark
47,ACLY,ENSG00000131473,ATP citrate lyase,protein-coding,NCBI,landmark
4775,NFATC3,ENSG00000072736,nuclear factor of activated T cells 3,protein-coding,NCBI,landmark
4776,NFATC4,ENSG00000100968,nuclear factor of activated T cells 4,protein-coding,NCBI,landmark
4780,NFE2L2,ENSG00000116044,"nuclear factor, erythroid 2 like 2",protein-coding,NCBI,landmark
4783,NFIL3,ENSG00000165030,"nuclear factor, interleukin 3 regulated",protein-coding,NCBI,landmark
4791,NFKB2,ENSG00000077150,nuclear factor kappa B subunit 2,protein-coding,NCBI,landmark
4792,NFKBIA,ENSG00000100906,NFKB inhibitor alpha,protein-coding,NCBI,landmark
4793,NFKBIB,ENSG00000104825,NFKB inhibitor beta,protein-coding,NCBI,landmark
4794,NFKBIE,ENSG00000146232,NFKB inhibitor epsilon,protein-coding,NCBI,landmark
481,ATP1B1,ENSG00000143153,ATPase Na+/K+ transporting subunit beta 1,protein-coding,NCBI,landmark
4817,NIT1,ENSG00000158793,nitrilase 1,protein-coding,NCBI,landmark
4836,NMT1,ENSG00000136448,N-myristoyltransferase 1,protein-coding,NCBI,landmark
4846,NOS3,ENSG00000164867,nitric oxide synthase 3,protein-coding,NCBI,landmark
4850,CNOT4,ENSG00000080802,CCR4-NOT transcription complex subunit 4,protein-coding,NCBI,landmark
4851,NOTCH1,ENSG00000148400,notch receptor 1,protein-coding,NCBI,landmark
4860,PNP,ENSG00000198805,purine nucleoside phosphorylase,protein-coding,NCBI,landmark
4864,NPC1,ENSG00000141458,NPC intracellular cholesterol transporter 1,protein-coding,NCBI,landmark
4891,SLC11A2,ENSG00000110911,solute carrier family 11 member 2,protein-coding,NCBI,landmark
4893,NRAS,ENSG00000213281,"NRAS proto-oncogene, GTPase",protein-coding,NCBI,landmark
4925,NUCB2,ENSG00000070081,nucleobindin 2,protein-coding,NCBI,landmark
4927,NUP88,ENSG00000108559,nucleoporin 88,protein-coding,NCBI,landmark
4931,NVL,ENSG00000143748,nuclear VCP like,protein-coding,NCBI,landmark
4998,ORC1,ENSG00000085840,origin recognition complex subunit 1,protein-coding,NCBI,landmark
501,ALDH7A1,ENSG00000164904,aldehyde dehydrogenase 7 family member A1,protein-coding,NCBI,landmark
5018,OXA1L,ENSG00000155463,OXA1L mitochondrial inner membrane protein,protein-coding,NCBI,landmark
5019,OXCT1,ENSG00000083720,3-oxoacid CoA-transferase 1,protein-coding,NCBI,landmark
5048,PAFAH1B1,ENSG00000007168,platelet activating factor acetylhydrolase 1b regulatory subunit 1,protein-coding,NCBI,landmark
5050,PAFAH1B3,ENSG00000079462,platelet activating factor acetylhydrolase 1b catalytic subunit 3,protein-coding,NCBI,landmark
5054,SERPINE1,ENSG00000106366,serpin family E member 1,protein-coding,NCBI,landmark
5058,PAK1,ENSG00000149269,p21 (RAC1) activated kinase 1,protein-coding,NCBI,landmark
50810,HDGFL3,ENSG00000166503,HDGF like 3,protein-coding,NCBI,landmark
50813,COPS7A,ENSG00000111652,COP9 signalosome subunit 7A,protein-coding,NCBI,landmark
50814,NSDHL,ENSG00000147383,NAD(P) dependent steroid dehydrogenase-like,protein-coding,NCBI,landmark
50865,HEBP1,ENSG00000013583,heme binding protein 1,protein-coding,NCBI,landmark
5092,PCBD1,ENSG00000166228,pterin-4 alpha-carbinolamine dehydratase 1,protein-coding,NCBI,landmark
5096,PCCB,ENSG00000114054,propionyl-CoA carboxylase subunit beta,protein-coding,NCBI,landmark
51001,MTERF3,ENSG00000156469,mitochondrial transcription termination factor 3,protein-coding,NCBI,landmark
51005,AMDHD2,ENSG00000162066,amidohydrolase domain containing 2,protein-coding,NCBI,landmark
51015,ISOC1,ENSG00000066583,isochorismatase domain containing 1,protein-coding,NCBI,landmark
51021,MRPS16,ENSG00000182180,mitochondrial ribosomal protein S16,protein-coding,NCBI,landmark
51024,FIS1,ENSG00000214253,"fission, mitochondrial 1",protein-coding,NCBI,landmark
51026,GOLT1B,ENSG00000111711,golgi transport 1B,protein-coding,NCBI,landmark
51031,GLOD4,ENSG00000167699,glyoxalase domain containing 4,protein-coding,NCBI,landmark
51053,GMNN,ENSG00000112312,geminin DNA replication inhibitor,protein-coding,NCBI,landmark
51056,LAP3,ENSG00000002549,leucine aminopeptidase 3,protein-coding,NCBI,landmark
5106,PCK2,ENSG00000100889,"phosphoenolpyruvate carboxykinase 2, mitochondrial",protein-coding,NCBI,landmark
51070,NOSIP,ENSG00000142546,nitric oxide synthase interacting protein,protein-coding,NCBI,landmark
51071,DERA,ENSG00000023697,deoxyribose-phosphate aldolase,protein-coding,NCBI,landmark
5108,PCM1,ENSG00000078674,pericentriolar material 1,protein-coding,NCBI,landmark
51097,SCCPDH,ENSG00000143653,saccharopine dehydrogenase (putative),protein-coding,NCBI,landmark
5110,PCMT1,ENSG00000120265,protein-L-isoaspartate (D-aspartate) O-methyltransferase,protein-coding,NCBI,landmark
5111,PCNA,ENSG00000132646,proliferating cell nuclear antigen,protein-coding,NCBI,landmark
51116,MRPS2,ENSG00000122140,mitochondrial ribosomal protein S2,protein-coding,NCBI,landmark
51160,VPS28,ENSG00000160948,VPS28 subunit of ESCRT-I,protein-coding,NCBI,landmark
51170,HSD17B11,ENSG00000198189,hydroxysteroid 17-beta dehydrogenase 11,protein-coding,NCBI,landmark
51203,NUSAP1,ENSG00000137804,nucleolar and spindle associated protein 1,protein-coding,NCBI,landmark
51282,SCAND1,ENSG00000171222,SCAN domain containing 1,protein-coding,NCBI,landmark
51293,CD320,ENSG00000167775,CD320 molecule,protein-coding,NCBI,landmark
51335,NGRN,ENSG00000182768,"neugrin, neurite outgrowth associated",protein-coding,NCBI,landmark
51375,SNX7,ENSG00000162627,sorting nexin 7,protein-coding,NCBI,landmark
51382,ATP6V1D,ENSG00000100554,ATPase H+ transporting V1 subunit D,protein-coding,NCBI,landmark
51385,ZNF589,ENSG00000164048,zinc finger protein 589,protein-coding,NCBI,landmark
51422,PRKAG2,ENSG00000106617,protein kinase AMP-activated non-catalytic subunit gamma 2,protein-coding,NCBI,landmark
51465,UBE2J1,ENSG00000198833,ubiquitin conjugating enzyme E2 J1,protein-coding,NCBI,landmark
51466,EVL,ENSG00000196405,Enah/Vasp-like,protein-coding,NCBI,landmark
51495,HACD3,ENSG00000074696,3-hydroxyacyl-CoA dehydratase 3,protein-coding,NCBI,landmark
5154,PDGFA,ENSG00000197461,platelet derived growth factor subunit A,protein-coding,NCBI,landmark
51569,UFM1,ENSG00000120686,ubiquitin fold modifier 1,protein-coding,NCBI,landmark
51599,LSR,ENSG00000105699,lipolysis stimulated lipoprotein receptor,protein-coding,NCBI,landmark
51635,DHRS7,ENSG00000100612,dehydrogenase/reductase 7,protein-coding,NCBI,landmark
51719,CAB39,ENSG00000135932,calcium binding protein 39,protein-coding,NCBI,landmark
51742,ARID4B,ENSG00000054267,AT-rich interaction domain 4B,protein-coding,NCBI,landmark
5211,PFKL,ENSG00000141959,"phosphofructokinase, liver type",protein-coding,NCBI,landmark
5223,PGAM1,ENSG00000171314,phosphoglycerate mutase 1,protein-coding,NCBI,landmark
5236,PGM1,ENSG00000079739,phosphoglucomutase 1,protein-coding,NCBI,landmark
5255,PHKA1,ENSG00000067177,phosphorylase kinase regulatory subunit alpha 1,protein-coding,NCBI,landmark
5257,PHKB,ENSG00000102893,phosphorylase kinase regulatory subunit beta,protein-coding,NCBI,landmark
5261,PHKG2,ENSG00000156873,phosphorylase kinase catalytic subunit gamma 2,protein-coding,NCBI,landmark
5287,PIK3C2B,ENSG00000133056,phosphatidylinositol-4-phosphate 3-kinase catalytic subunit type 2 beta,protein-coding,NCBI,landmark
5289,PIK3C3,ENSG00000078142,phosphatidylinositol 3-kinase catalytic subunit type 3,protein-coding,NCBI,landmark
5290,PIK3CA,ENSG00000121879,"phosphatidylinositol-4,5-bisphosphate 3-kinase catalytic subunit alpha",protein-coding,NCBI,landmark
5300,PIN1,ENSG00000127445,"peptidylprolyl cis/trans isomerase, NIMA-interacting 1",protein-coding,NCBI,landmark
5321,PLA2G4A,ENSG00000116711,phospholipase A2 group IVA,protein-coding,NCBI,landmark
533,ATP6V0B,ENSG00000117410,ATPase H+ transporting V0 subunit b,protein-coding,NCBI,landmark
5331,PLCB3,ENSG00000149782,phospholipase C beta 3,protein-coding,NCBI,landmark
53343,NUDT9,ENSG00000170502,nudix hydrolase 9,protein-coding,NCBI,landmark
5347,PLK1,ENSG00000166851,polo like kinase 1,protein-coding,NCBI,landmark
5355,PLP2,ENSG00000102007,proteolipid protein 2,protein-coding,NCBI,landmark
5357,PLS1,ENSG00000120756,plastin 1,protein-coding,NCBI,landmark
5359,PLSCR1,ENSG00000188313,phospholipid scramblase 1,protein-coding,NCBI,landmark
5366,PMAIP1,ENSG00000141682,phorbol-12-myristate-13-acetate-induced protein 1,protein-coding,NCBI,landmark
5373,PMM2,ENSG00000140650,phosphomannomutase 2,protein-coding,NCBI,landmark
54205,CYCS,ENSG00000172115,"cytochrome c, somatic",protein-coding,NCBI,landmark
5423,POLB,ENSG00000070501,DNA polymerase beta,protein-coding,NCBI,landmark
5427,POLE2,ENSG00000100479,"DNA polymerase epsilon 2, accessory subunit",protein-coding,NCBI,landmark
5438,POLR2I,ENSG00000105258,RNA polymerase II subunit I,protein-coding,NCBI,landmark
54386,TERF2IP,ENSG00000166848,TERF2 interacting protein,protein-coding,NCBI,landmark
5440,POLR2K,ENSG00000147669,RNA polymerase II subunit K,protein-coding,NCBI,landmark
54438,GFOD1,ENSG00000145990,glucose-fructose oxidoreductase domain containing 1,protein-coding,NCBI,landmark
54442,KCTD5,ENSG00000167977,potassium channel tetramerization domain containing 5,protein-coding,NCBI,landmark
54499,TMCO1,ENSG00000143183,transmembrane and coiled-coil domains 1,protein-coding,NCBI,landmark
54505,DHX29,ENSG00000067248,DExH-box helicase 29,protein-coding,NCBI,landmark
54512,EXOSC4,ENSG00000178896,exosome component 4,protein-coding,NCBI,landmark
54541,DDIT4,ENSG00000168209,DNA damage inducible transcript 4,protein-coding,NCBI,landmark
54623,PAF1,ENSG00000006712,"PAF1 homolog, Paf1/RNA polymerase II complex component",protein-coding,NCBI,landmark
5467,PPARD,ENSG00000112033,peroxisome proliferator activated receptor delta,protein-coding,NCBI,landmark
5468,PPARG,ENSG00000132170,peroxisome proliferator activated receptor gamma,protein-coding,NCBI,landmark
54681,P4HTM,ENSG00000178467,"prolyl 4-hydroxylase, transmembrane",protein-coding,NCBI,landmark
54733,SLC35F2,ENSG00000110660,solute carrier family 35 member F2,protein-coding,NCBI,landmark
5480,PPIC,ENSG00000168938,peptidylprolyl isomerase C,protein-coding,NCBI,landmark
54807,ZNF586,ENSG00000083828,zinc finger protein 586,protein-coding,NCBI,landmark
54850,FBXL12,ENSG00000127452,F-box and leucine rich repeat protein 12,protein-coding,NCBI,landmark
54881,TEX10,ENSG00000136891,testis expressed 10,protein-coding,NCBI,landmark
54915,YTHDF1,ENSG00000149658,YTH N6-methyladenosine RNA binding protein 1,protein-coding,NCBI,landmark
54957,TXNL4B,ENSG00000140830,thioredoxin like 4B,protein-coding,NCBI,landmark
5498,PPOX,ENSG00000143224,protoporphyrinogen oxidase,protein-coding,NCBI,landmark
55008,HERC6,ENSG00000138642,HECT and RLD domain containing E3 ubiquitin protein ligase family member 6,protein-coding,NCBI,landmark
55011,PIH1D1,ENSG00000104872,PIH1 domain containing 1,protein-coding,NCBI,landmark
55012,PPP2R3C,ENSG00000092020,protein phosphatase 2 regulatory subunit B''gamma,protein-coding,NCBI,landmark
55033,FKBP14,ENSG00000106080,FKBP prolyl isomerase 14,protein-coding,NCBI,landmark
55038,CDCA4,ENSG00000170779,cell division cycle associated 4,protein-coding,NCBI,landmark
55111,PLEKHJ1,ENSG00000104886,pleckstrin homology domain containing J1,protein-coding,NCBI,landmark
55127,HEATR1,ENSG00000119285,HEAT repeat containing 1,protein-coding,NCBI,landmark
55129,ANO10,ENSG00000160746,anoctamin 10,protein-coding,NCBI,landmark
55148,UBR7,ENSG00000012963,ubiquitin protein ligase E3 component n-recognin 7 (putative),protein-coding,NCBI,landmark
55179,FAIM,ENSG00000158234,Fas apoptotic inhibitory molecule,protein-coding,NCBI,landmark
5525,PPP2R5A,ENSG00000066027,protein phosphatase 2 regulatory subunit B'alpha,protein-coding,NCBI,landmark
55256,ADI1,ENSG00000182551,acireductone dioxygenase 1,protein-coding,NCBI,landmark
5529,PPP2R5E,ENSG00000154001,protein phosphatase 2 regulatory subunit B'epsilon,protein-coding,NCBI,landmark
55324,ABCF3,ENSG00000161204,ATP binding cassette subfamily F member 3,protein-coding,NCBI,landmark
5547,PRCP,ENSG00000137509,prolylcarboxypeptidase,protein-coding,NCBI,landmark
55556,ENOSF1,ENSG00000132199,enolase superfamily member 1,protein-coding,NCBI,landmark
55604,CARMIL1,ENSG00000079691,capping protein regulator and myosin 1 linker 1,protein-coding,NCBI,landmark
55608,ANKRD10,ENSG00000088448,ankyrin repeat domain 10,protein-coding,NCBI,landmark
55620,STAP2,ENSG00000178078,signal transducing adaptor family member 2,protein-coding,NCBI,landmark
5566,PRKACA,ENSG00000072062,protein kinase cAMP-activated catalytic subunit alpha,protein-coding,NCBI,landmark
55699,IARS2,ENSG00000067704,"isoleucyl-tRNA synthetase 2, mitochondrial",protein-coding,NCBI,landmark
55746,NUP133,ENSG00000069248,nucleoporin 133,protein-coding,NCBI,landmark
55748,CNDP2,ENSG00000133313,carnosine dipeptidase 2,protein-coding,NCBI,landmark
55793,MINDY1,ENSG00000143409,MINDY lysine 48 deubiquitinase 1,protein-coding,NCBI,landmark
5580,PRKCD,ENSG00000163932,protein kinase C delta,protein-coding,NCBI,landmark
55818,KDM3A,ENSG00000115548,lysine demethylase 3A,protein-coding,NCBI,landmark
55825,PECR,ENSG00000115425,peroxisomal trans-2-enoyl-CoA reductase,protein-coding,NCBI,landmark
5583,PRKCH,ENSG00000027075,protein kinase C eta,protein-coding,NCBI,landmark
55837,EAPP,ENSG00000129518,E2F associated phosphoprotein,protein-coding,NCBI,landmark
55847,CISD1,ENSG00000122873,CDGSH iron sulfur domain 1,protein-coding,NCBI,landmark
5588,PRKCQ,ENSG00000065675,protein kinase C theta,protein-coding,NCBI,landmark
55893,ZNF395,ENSG00000186918,zinc finger protein 395,protein-coding,NCBI,landmark
55958,KLHL9,ENSG00000198642,kelch like family member 9,protein-coding,NCBI,landmark
5601,MAPK9,ENSG00000050748,mitogen-activated protein kinase 9,protein-coding,NCBI,landmark
5603,MAPK13,ENSG00000156711,mitogen-activated protein kinase 13,protein-coding,NCBI,landmark
5607,MAP2K5,ENSG00000137764,mitogen-activated protein kinase kinase 5,protein-coding,NCBI,landmark
5613,PRKX,ENSG00000183943,protein kinase X-linked,protein-coding,NCBI,landmark
5627,PROS1,ENSG00000184500,protein S,protein-coding,NCBI,landmark
5641,LGMN,ENSG00000100600,legumain,protein-coding,NCBI,landmark
5654,HTRA1,ENSG00000166033,HtrA serine peptidase 1,protein-coding,NCBI,landmark
56654,NPDC1,ENSG00000107281,"neural proliferation, differentiation and control 1",protein-coding,NCBI,landmark
56889,TM9SF3,ENSG00000077147,transmembrane 9 superfamily member 3,protein-coding,NCBI,landmark
56924,PAK6,ENSG00000137843,p21 (RAC1) activated kinase 6,protein-coding,NCBI,landmark
56940,DUSP22,ENSG00000112679,dual specificity phosphatase 22,protein-coding,NCBI,landmark
5696,PSMB8,ENSG00000204264,proteasome subunit beta 8,protein-coding,NCBI,landmark
5699,PSMB10,ENSG00000205220,proteasome subunit beta 10,protein-coding,NCBI,landmark
56997,COQ8A,ENSG00000163050,coenzyme Q8A,protein-coding,NCBI,landmark
57019,CIAPIN1,ENSG00000005194,cytokine induced apoptosis inhibitor 1,protein-coding,NCBI,landmark
57048,PLSCR3,ENSG00000187838,phospholipid scramblase 3,protein-coding,NCBI,landmark
5708,PSMD2,ENSG00000175166,"proteasome 26S subunit, non-ATPase 2",protein-coding,NCBI,landmark
5710,PSMD4,ENSG00000159352,"proteasome 26S subunit, non-ATPase 4",protein-coding,NCBI,landmark
57147,SCYL3,ENSG00000000457,SCY1 like pseudokinase 3,protein-coding,NCBI,landmark
57149,LYRM1,ENSG00000102897,LYR motif containing 1,protein-coding,NCBI,landmark
5715,PSMD9,ENSG00000110801,"proteasome 26S subunit, non-ATPase 9",protein-coding,NCBI,landmark
5716,PSMD10,ENSG00000101843,"proteasome 26S subunit, non-ATPase 10",protein-coding,NCBI,landmark
57178,ZMIZ1,ENSG00000108175,zinc finger MIZ-type containing 1,protein-coding,NCBI,landmark
57192,MCOLN1,ENSG00000090674,mucolipin 1,protein-coding,NCBI,landmark
572,BAD,ENSG00000002330,BCL2 associated agonist of cell death,protein-coding,NCBI,landmark
5720,PSME1,ENSG00000092010,proteasome activator subunit 1,protein-coding,NCBI,landmark
5721,PSME2,ENSG00000100911,proteasome activator subunit 2,protein-coding,NCBI,landmark
57215,THAP11,ENSG00000168286,THAP domain containing 11,protein-coding,NCBI,landmark
57406,ABHD6,ENSG00000163686,abhydrolase domain containing 6,protein-coding,NCBI,landmark
5743,PTGS2,ENSG00000073756,prostaglandin-endoperoxide synthase 2,protein-coding,NCBI,landmark
5747,PTK2,ENSG00000169398,protein tyrosine kinase 2,protein-coding,NCBI,landmark
5770,PTPN1,ENSG00000196396,protein tyrosine phosphatase non-receptor type 1,protein-coding,NCBI,landmark
57761,TRIB3,ENSG00000101255,tribbles pseudokinase 3,protein-coding,NCBI,landmark
5777,PTPN6,ENSG00000111679,protein tyrosine phosphatase non-receptor type 6,protein-coding,NCBI,landmark
57804,POLD4,ENSG00000175482,"DNA polymerase delta 4, accessory subunit",protein-coding,NCBI,landmark
5782,PTPN12,ENSG00000127947,protein tyrosine phosphatase non-receptor type 12,protein-coding,NCBI,landmark
5788,PTPRC,ENSG00000081237,protein tyrosine phosphatase receptor type C,protein-coding,NCBI,landmark
5792,PTPRF,ENSG00000142949,protein tyrosine phosphatase receptor type F,protein-coding,NCBI,landmark
5796,PTPRK,ENSG00000152894,protein tyrosine phosphatase receptor type K,protein-coding,NCBI,landmark
581,BAX,ENSG00000087088,"BCL2 associated X, apoptosis regulator",protein-coding,NCBI,landmark
5827,PXMP2,ENSG00000176894,peroxisomal membrane protein 2,protein-coding,NCBI,landmark
5829,PXN,ENSG00000089159,paxillin,protein-coding,NCBI,landmark
5831,PYCR1,ENSG00000183010,pyrroline-5-carboxylate reductase 1,protein-coding,NCBI,landmark
5836,PYGL,ENSG00000100504,glycogen phosphorylase L,protein-coding,NCBI,landmark
58472,SQOR,ENSG00000137767,sulfide quinone oxidoreductase,protein-coding,NCBI,landmark
58478,ENOPH1,ENSG00000145293,enolase-phosphatase 1,protein-coding,NCBI,landmark
58497,PRUNE1,ENSG00000143363,prune exopolyphosphatase 1,protein-coding,NCBI,landmark
58533,SNX6,ENSG00000129515,sorting nexin 6,protein-coding,NCBI,landmark
5867,RAB4A,ENSG00000168118,"RAB4A, member RAS oncogene family",protein-coding,NCBI,landmark
5873,RAB27A,ENSG00000069974,"RAB27A, member RAS oncogene family",protein-coding,NCBI,landmark
5880,RAC2,ENSG00000128340,Rac family small GTPase 2,protein-coding,NCBI,landmark
5883,RAD9A,ENSG00000172613,RAD9 checkpoint clamp component A,protein-coding,NCBI,landmark
5889,RAD51C,ENSG00000108384,RAD51 paralog C,protein-coding,NCBI,landmark
5891,MOK,ENSG00000080823,MOK protein kinase,protein-coding,NCBI,landmark
5898,RALA,ENSG00000006451,RAS like proto-oncogene A,protein-coding,NCBI,landmark
5899,RALB,ENSG00000144118,RAS like proto-oncogene B,protein-coding,NCBI,landmark
5900,RALGDS,ENSG00000160271,ral guanine nucleotide dissociation stimulator,protein-coding,NCBI,landmark
5909,RAP1GAP,ENSG00000076864,RAP1 GTPase activating protein,protein-coding,NCBI,landmark
5921,RASA1,ENSG00000145715,RAS p21 protein activator 1,protein-coding,NCBI,landmark
5925,RB1,ENSG00000139687,RB transcriptional corepressor 1,protein-coding,NCBI,landmark
5927,KDM5A,ENSG00000073614,lysine demethylase 5A,protein-coding,NCBI,landmark
595,CCND1,ENSG00000110092,cyclin D1,protein-coding,NCBI,landmark
596,BCL2,ENSG00000171791,BCL2 apoptosis regulator,protein-coding,NCBI,landmark
5971,RELB,ENSG00000104856,"RELB proto-oncogene, NF-kB subunit",protein-coding,NCBI,landmark
5982,RFC2,ENSG00000049541,replication factor C subunit 2,protein-coding,NCBI,landmark
5985,RFC5,ENSG00000111445,replication factor C subunit 5,protein-coding,NCBI,landmark
5986,RFNG,ENSG00000169733,RFNG O-fucosylpeptide 3-beta-N-acetylglucosaminyltransferase,protein-coding,NCBI,landmark
5993,RFX5,ENSG00000143390,regulatory factor X5,protein-coding,NCBI,landmark
5997,RGS2,ENSG00000116741,regulator of G protein signaling 2,protein-coding,NCBI,landmark
6009,RHEB,ENSG00000106615,"Ras homolog, mTORC1 binding",protein-coding,NCBI,landmark
60493,FASTKD5,ENSG00000215251,FAST kinase domains 5,protein-coding,NCBI,landmark
6050,RNH1,ENSG00000023191,ribonuclease/angiogenin inhibitor 1,protein-coding,NCBI,landmark
60528,ELAC2,ENSG00000006744,elaC ribonuclease Z 2,protein-coding,NCBI,landmark
6117,RPA1,ENSG00000132383,replication protein A1,protein-coding,NCBI,landmark
6118,RPA2,ENSG00000117748,replication protein A2,protein-coding,NCBI,landmark
6119,RPA3,ENSG00000106399,replication protein A3,protein-coding,NCBI,landmark
6182,MRPL12,ENSG00000262814,mitochondrial ribosomal protein L12,protein-coding,NCBI,landmark
6184,RPN1,ENSG00000163902,ribophorin I,protein-coding,NCBI,landmark
6193,RPS5,ENSG00000083845,ribosomal protein S5,protein-coding,NCBI,landmark
6194,RPS6,ENSG00000137154,ribosomal protein S6,protein-coding,NCBI,landmark
6195,RPS6KA1,ENSG00000117676,ribosomal protein S6 kinase A1,protein-coding,NCBI,landmark
622,BDH1,ENSG00000161267,3-hydroxybutyrate dehydrogenase 1,protein-coding,NCBI,landmark
6251,RSU1,ENSG00000148484,Ras suppressor protein 1,protein-coding,NCBI,landmark
6253,RTN2,ENSG00000125744,reticulon 2,protein-coding,NCBI,landmark
6275,S100A4,ENSG00000196154,S100 calcium binding protein A4,protein-coding,NCBI,landmark
6284,S100A13,ENSG00000189171,S100 calcium binding protein A13,protein-coding,NCBI,landmark
6304,SATB1,ENSG00000182568,SATB homeobox 1,protein-coding,NCBI,landmark
6342,SCP2,ENSG00000116171,sterol carrier protein 2,protein-coding,NCBI,landmark
6347,CCL2,ENSG00000108691,C-C motif chemokine ligand 2,protein-coding,NCBI,landmark
637,BID,ENSG00000015475,BH3 interacting domain death agonist,protein-coding,NCBI,landmark
63874,ABHD4,ENSG00000100439,abhydrolase domain containing 4,protein-coding,NCBI,landmark
6390,SDHB,ENSG00000117118,succinate dehydrogenase complex iron sulfur subunit B,protein-coding,NCBI,landmark
63933,MCUR1,ENSG00000050393,mitochondrial calcium uniporter regulator 1,protein-coding,NCBI,landmark
64080,RBKS,ENSG00000171174,ribokinase,protein-coding,NCBI,landmark
642,BLMH,ENSG00000108578,bleomycin hydrolase,protein-coding,NCBI,landmark
644,BLVRA,ENSG00000106605,biliverdin reductase A,protein-coding,NCBI,landmark
64422,ATG3,ENSG00000144848,autophagy related 3,protein-coding,NCBI,landmark
64428,CIAO3,ENSG00000103245,cytosolic iron-sulfur assembly component 3,protein-coding,NCBI,landmark
64429,ZDHHC6,ENSG00000023041,zinc finger DHHC-type containing 6,protein-coding,NCBI,landmark
6443,SGCB,ENSG00000163069,sarcoglycan beta,protein-coding,NCBI,landmark
6461,SHB,ENSG00000107338,SH2 domain containing adaptor protein B,protein-coding,NCBI,landmark
6464,SHC1,ENSG00000160691,SHC adaptor protein 1,protein-coding,NCBI,landmark
64746,ACBD3,ENSG00000182827,acyl-CoA binding domain containing 3,protein-coding,NCBI,landmark
64781,CERK,ENSG00000100422,ceramide kinase,protein-coding,NCBI,landmark
64943,NT5DC2,ENSG00000168268,5'-nucleotidase domain containing 2,protein-coding,NCBI,landmark
6499,SKIV2L,ENSG00000204351,Ski2 like RNA helicase,protein-coding,NCBI,landmark
6500,SKP1,ENSG00000113558,S-phase kinase associated protein 1,protein-coding,NCBI,landmark
65057,ACD,ENSG00000102977,ACD shelterin complex subunit and telomerase recruitment factor,protein-coding,NCBI,landmark
6509,SLC1A4,ENSG00000115902,solute carrier family 1 member 4,protein-coding,NCBI,landmark
65123,INTS3,ENSG00000143624,integrator complex subunit 3,protein-coding,NCBI,landmark
652,BMP4,ENSG00000125378,bone morphogenetic protein 4,protein-coding,NCBI,landmark
6597,SMARCA4,ENSG00000127616,"SWI/SNF related, matrix associated, actin dependent regulator of chromatin, subfamily a, member 4",protein-coding,NCBI,landmark
6599,SMARCC1,ENSG00000173473,"SWI/SNF related, matrix associated, actin dependent regulator of chromatin subfamily c member 1",protein-coding,NCBI,landmark
66008,TRAK2,ENSG00000115993,trafficking kinesin protein 2,protein-coding,NCBI,landmark
6603,SMARCD2,ENSG00000108604,"SWI/SNF related, matrix associated, actin dependent regulator of chromatin, subfamily d, member 2",protein-coding,NCBI,landmark
6616,SNAP25,ENSG00000132639,synaptosome associated protein 25,protein-coding,NCBI,landmark
6622,SNCA,ENSG00000145335,synuclein alpha,protein-coding,NCBI,landmark
664,BNIP3,ENSG00000176171,BCL2 interacting protein 3,protein-coding,NCBI,landmark
665,BNIP3L,ENSG00000104765,BCL2 interacting protein 3 like,protein-coding,NCBI,landmark
6657,SOX2,ENSG00000181449,SRY-box 2,protein-coding,NCBI,landmark
6659,SOX4,ENSG00000124766,SRY-box 4,protein-coding,NCBI,landmark
6676,SPAG4,ENSG00000061656,sperm associated antigen 4,protein-coding,NCBI,landmark
6696,SPP1,ENSG00000118785,secreted phosphoprotein 1,protein-coding,NCBI,landmark
6697,SPR,ENSG00000116096,sepiapterin reductase,protein-coding,NCBI,landmark
670,BPHL,ENSG00000137274,biphenyl hydrolase like,protein-coding,NCBI,landmark
6709,SPTAN1,ENSG00000197694,"spectrin alpha, non-erythrocytic 1",protein-coding,NCBI,landmark
6714,SRC,ENSG00000197122,"SRC proto-oncogene, non-receptor tyrosine kinase",protein-coding,NCBI,landmark
672,BRCA1,ENSG00000012048,BRCA1 DNA repair associated,protein-coding,NCBI,landmark
6772,STAT1,ENSG00000115415,signal transducer and activator of transcription 1,protein-coding,NCBI,landmark
6774,STAT3,ENSG00000168610,signal transducer and activator of transcription 3,protein-coding,NCBI,landmark
6777,STAT5B,ENSG00000173757,signal transducer and activator of transcription 5B,protein-coding,NCBI,landmark
6790,AURKA,ENSG00000087586,aurora kinase A,protein-coding,NCBI,landmark
6793,STK10,ENSG00000072786,serine/threonine kinase 10,protein-coding,NCBI,landmark
6804,STX1A,ENSG00000106089,syntaxin 1A,protein-coding,NCBI,landmark
6810,STX4,ENSG00000103496,syntaxin 4,protein-coding,NCBI,landmark
6812,STXBP1,ENSG00000136854,syntaxin binding protein 1,protein-coding,NCBI,landmark
6813,STXBP2,ENSG00000076944,syntaxin binding protein 2,protein-coding,NCBI,landmark
6832,SUPV3L1,ENSG00000156502,Suv3 like RNA helicase,protein-coding,NCBI,landmark
6839,SUV39H1,ENSG00000101945,suppressor of variegation 3-9 homolog 1,protein-coding,NCBI,landmark
6850,SYK,ENSG00000165025,spleen associated tyrosine kinase,protein-coding,NCBI,landmark
6856,SYPL1,ENSG00000008282,synaptophysin like 1,protein-coding,NCBI,landmark
6894,TARBP1,ENSG00000059588,TAR (HIV-1) RNA binding protein 1,protein-coding,NCBI,landmark
6908,TBP,ENSG00000112592,TATA-box binding protein,protein-coding,NCBI,landmark
6909,TBX2,ENSG00000121068,T-box 2,protein-coding,NCBI,landmark
6915,TBXA2R,ENSG00000006638,thromboxane A2 receptor,protein-coding,NCBI,landmark
6919,TCEA2,ENSG00000171703,transcription elongation factor A2,protein-coding,NCBI,landmark
6944,VPS72,ENSG00000163159,vacuolar protein sorting 72 homolog,protein-coding,NCBI,landmark
695,BTK,ENSG00000010671,Bruton tyrosine kinase,protein-coding,NCBI,landmark
6988,TCTA,ENSG00000145022,T cell leukemia translocation altered,protein-coding,NCBI,landmark
6990,DYNLT3,ENSG00000165169,dynein light chain Tctex-type 3,protein-coding,NCBI,landmark
701,BUB1B,ENSG00000156970,BUB1 mitotic checkpoint serine/threonine kinase B,protein-coding,NCBI,landmark
7015,TERT,ENSG00000164362,telomerase reverse transcriptase,protein-coding,NCBI,landmark
7016,TESK1,ENSG00000107140,testis associated actin remodelling kinase 1,protein-coding,NCBI,landmark
7020,TFAP2A,ENSG00000137203,transcription factor AP-2 alpha,protein-coding,NCBI,landmark
7027,TFDP1,ENSG00000198176,transcription factor Dp-1,protein-coding,NCBI,landmark
7043,TGFB3,ENSG00000119699,transforming growth factor beta 3,protein-coding,NCBI,landmark
7048,TGFBR2,ENSG00000163513,transforming growth factor beta receptor 2,protein-coding,NCBI,landmark
7074,TIAM1,ENSG00000156299,T cell lymphoma invasion and metastasis 1,protein-coding,NCBI,landmark
7077,TIMP2,ENSG00000035862,TIMP metallopeptidase inhibitor 2,protein-coding,NCBI,landmark
7082,TJP1,ENSG00000104067,tight junction protein 1,protein-coding,NCBI,landmark
7088,TLE1,ENSG00000196781,"TLE family member 1, transcriptional corepressor",protein-coding,NCBI,landmark
7099,TLR4,ENSG00000136869,toll like receptor 4,protein-coding,NCBI,landmark
7105,TSPAN6,ENSG00000000003,tetraspanin 6,protein-coding,NCBI,landmark
7106,TSPAN4,ENSG00000214063,tetraspanin 4,protein-coding,NCBI,landmark
7153,TOP2A,ENSG00000131747,DNA topoisomerase II alpha,protein-coding,NCBI,landmark
7157,TP53,ENSG00000141510,tumor protein p53,protein-coding,NCBI,landmark
7158,TP53BP1,ENSG00000067369,tumor protein p53 binding protein 1,protein-coding,NCBI,landmark
7159,TP53BP2,ENSG00000143514,tumor protein p53 binding protein 2,protein-coding,NCBI,landmark
7165,TPD52L2,ENSG00000101150,TPD52 like 2,protein-coding,NCBI,landmark
7168,TPM1,ENSG00000140416,tropomyosin 1,protein-coding,NCBI,landmark
7264,TSTA3,ENSG00000104522,tissue specific transplantation antigen P35B,protein-coding,NCBI,landmark
727,C5,ENSG00000106804,complement C5,protein-coding,NCBI,landmark
7296,TXNRD1,ENSG00000198431,thioredoxin reductase 1,protein-coding,NCBI,landmark
7319,UBE2A,ENSG00000077721,ubiquitin conjugating enzyme E2 A,protein-coding,NCBI,landmark
7358,UGDH,ENSG00000109814,UDP-glucose 6-dehydrogenase,protein-coding,NCBI,landmark
7376,NR1H2,ENSG00000131408,nuclear receptor subfamily 1 group H member 2,protein-coding,NCBI,landmark
7398,USP1,ENSG00000162607,ubiquitin specific peptidase 1,protein-coding,NCBI,landmark
7416,VDAC1,ENSG00000213585,voltage dependent anion channel 1,protein-coding,NCBI,landmark
7466,WFS1,ENSG00000109501,wolframin ER transmembrane glycoprotein,protein-coding,NCBI,landmark
7485,WRB,ENSG00000182093,tryptophan rich basic protein,protein-coding,NCBI,landmark
7494,XBP1,ENSG00000100219,X-box binding protein 1,protein-coding,NCBI,landmark
7511,XPNPEP1,ENSG00000108039,X-prolyl aminopeptidase 1,protein-coding,NCBI,landmark
7538,ZFP36,ENSG00000128016,ZFP36 ring finger protein,protein-coding,NCBI,landmark
7690,ZNF131,ENSG00000172262,zinc finger protein 131,protein-coding,NCBI,landmark
7750,ZMYM2,ENSG00000121741,zinc finger MYM-type containing 2,protein-coding,NCBI,landmark
780,DDR1,ENSG00000204580,discoidin domain receptor tyrosine kinase 1,protein-coding,NCBI,landmark
7849,PAX8,ENSG00000125618,paired box 8,protein-coding,NCBI,landmark
7852,CXCR4,ENSG00000121966,C-X-C motif chemokine receptor 4,protein-coding,NCBI,landmark
7866,IFRD2,ENSG00000214706,interferon related developmental regulator 2,protein-coding,NCBI,landmark
7867,MAPKAPK3,ENSG00000114738,mitogen-activated protein kinase-activated protein kinase 3,protein-coding,NCBI,landmark
7874,USP7,ENSG00000187555,ubiquitin specific peptidase 7,protein-coding,NCBI,landmark
79006,METRN,ENSG00000103260,"meteorin, glial cell differentiation regulator",protein-coding,NCBI,landmark
7905,REEP5,ENSG00000129625,receptor accessory protein 5,protein-coding,NCBI,landmark
79071,ELOVL6,ENSG00000170522,ELOVL fatty acid elongase 6,protein-coding,NCBI,landmark
79073,TMEM109,ENSG00000110108,transmembrane protein 109,protein-coding,NCBI,landmark
79080,CCDC86,ENSG00000110104,coiled-coil domain containing 86,protein-coding,NCBI,landmark
79090,TRAPPC6A,ENSG00000007255,trafficking protein particle complex 6A,protein-coding,NCBI,landmark
79094,CHAC1,ENSG00000128965,ChaC glutathione specific gamma-glutamylcyclotransferase 1,protein-coding,NCBI,landmark
79143,MBOAT7,ENSG00000125505,membrane bound O-acyltransferase domain containing 7,protein-coding,NCBI,landmark
79170,PRR15L,ENSG00000167183,proline rich 15 like,protein-coding,NCBI,landmark
79174,CRELD2,ENSG00000184164,cysteine rich with EGF like domains 2,protein-coding,NCBI,landmark
79187,FSD1,ENSG00000105255,fibronectin type III and SPRY domain containing 1,protein-coding,NCBI,landmark
79600,TCTN1,ENSG00000204852,tectonic family member 1,protein-coding,NCBI,landmark
79643,CHMP6,ENSG00000176108,charged multivesicular body protein 6,protein-coding,NCBI,landmark
79716,NPEPL1,ENSG00000215440,aminopeptidase like 1,protein-coding,NCBI,landmark
7982,ST7,ENSG00000004866,suppression of tumorigenicity 7,protein-coding,NCBI,landmark
79850,FAM57A,ENSG00000167695,family with sequence similarity 57 member A,protein-coding,NCBI,landmark
79902,NUP85,ENSG00000125450,nucleoporin 85,protein-coding,NCBI,landmark
79921,TCEAL4,ENSG00000133142,transcription elongation factor A like 4,protein-coding,NCBI,landmark
7994,KAT6A,ENSG00000083168,lysine acetyltransferase 6A,protein-coding,NCBI,landmark
79947,DHDDS,ENSG00000117682,dehydrodolichyl diphosphate synthase subunit,protein-coding,NCBI,landmark
79961,DENND2D,ENSG00000162777,DENN domain containing 2D,protein-coding,NCBI,landmark
80204,FBXO11,ENSG00000138081,F-box protein 11,protein-coding,NCBI,landmark
80212,CCDC92,ENSG00000119242,coiled-coil domain containing 92,protein-coding,NCBI,landmark
80347,COASY,ENSG00000068120,Coenzyme A synthase,protein-coding,NCBI,landmark
80349,WDR61,ENSG00000140395,WD repeat domain 61,protein-coding,NCBI,landmark
8050,PDHX,ENSG00000110435,pyruvate dehydrogenase complex component X,protein-coding,NCBI,landmark
8061,FOSL1,ENSG00000175592,"FOS like 1, AP-1 transcription factor subunit",protein-coding,NCBI,landmark
80746,TSEN2,ENSG00000154743,tRNA splicing endonuclease subunit 2,protein-coding,NCBI,landmark
80758,PRR7,ENSG00000131188,"proline rich 7, synaptic",protein-coding,NCBI,landmark
808,CALM3,ENSG00000160014,calmodulin 3,protein-coding,NCBI,landmark
8091,HMGA2,ENSG00000149948,high mobility group AT-hook 2,protein-coding,NCBI,landmark
813,CALU,ENSG00000128595,calumenin,protein-coding,NCBI,landmark
81533,ITFG1,ENSG00000129636,integrin alpha FG-GAP repeat containing 1,protein-coding,NCBI,landmark
81544,GDPD5,ENSG00000158555,glycerophosphodiester phosphodiesterase domain containing 5,protein-coding,NCBI,landmark
8202,NCOA3,ENSG00000124151,nuclear receptor coactivator 3,protein-coding,NCBI,landmark
8204,NRIP1,ENSG00000180530,nuclear receptor interacting protein 1,protein-coding,NCBI,landmark
823,CAPN1,ENSG00000014216,calpain 1,protein-coding,NCBI,landmark
8243,SMC1A,ENSG00000072501,structural maintenance of chromosomes 1A,protein-coding,NCBI,landmark
8270,LAGE3,ENSG00000196976,L antigen family member 3,protein-coding,NCBI,landmark
831,CAST,ENSG00000153113,calpastatin,protein-coding,NCBI,landmark
8312,AXIN1,ENSG00000103126,axin 1,protein-coding,NCBI,landmark
8318,CDC45,ENSG00000093009,cell division cycle 45,protein-coding,NCBI,landmark
8321,FZD1,ENSG00000157240,frizzled class receptor 1,protein-coding,NCBI,landmark
8324,FZD7,ENSG00000155760,frizzled class receptor 7,protein-coding,NCBI,landmark
8349,HIST2H2BE,ENSG00000184678,histone cluster 2 H2B family member e,protein-coding,NCBI,landmark
835,CASP2,ENSG00000106144,caspase 2,protein-coding,NCBI,landmark
836,CASP3,ENSG00000164305,caspase 3,protein-coding,NCBI,landmark
83743,GRWD1,ENSG00000105447,glutamate rich WD repeat containing 1,protein-coding,NCBI,landmark
8396,PIP4K2B,ENSG00000276293,phosphatidylinositol-5-phosphate 4-kinase type 2 beta,protein-coding,NCBI,landmark
840,CASP7,ENSG00000165806,caspase 7,protein-coding,NCBI,landmark
84159,ARID5B,ENSG00000150347,AT-rich interaction domain 5B,protein-coding,NCBI,landmark
843,CASP10,ENSG00000003400,caspase 10,protein-coding,NCBI,landmark
8440,NCK2,ENSG00000071051,NCK adaptor protein 2,protein-coding,NCBI,landmark
8444,DYRK3,ENSG00000143479,dual specificity tyrosine phosphorylation regulated kinase 3,protein-coding,NCBI,landmark
8446,DUSP11,ENSG00000144048,dual specificity phosphatase 11,protein-coding,NCBI,landmark
84617,TUBB6,ENSG00000176014,tubulin beta 6 class V,protein-coding,NCBI,landmark
847,CAT,ENSG00000121691,catalase,protein-coding,NCBI,landmark
84722,PSRC1,ENSG00000134222,proline and serine rich coiled-coil 1,protein-coding,NCBI,landmark
8480,RAE1,ENSG00000101146,ribonucleic acid export 1,protein-coding,NCBI,landmark
84890,ADO,ENSG00000181915,2-aminoethanethiol dioxygenase,protein-coding,NCBI,landmark
8503,PIK3R3,ENSG00000117461,phosphoinositide-3-kinase regulatory subunit 3,protein-coding,NCBI,landmark
8508,NIPSNAP1,ENSG00000184117,nipsnap homolog 1,protein-coding,NCBI,landmark
8518,ELP1,ENSG00000070061,elongator complex protein 1,protein-coding,NCBI,landmark
8520,HAT1,ENSG00000128708,histone acetyltransferase 1,protein-coding,NCBI,landmark
85236,HIST1H2BK,ENSG00000197903,histone cluster 1 H2B family member k,protein-coding,NCBI,landmark
85377,MICALL1,ENSG00000100139,MICAL like 1,protein-coding,NCBI,landmark
8550,MAPKAPK5,ENSG00000089022,mitogen-activated protein kinase-activated protein kinase 5,protein-coding,NCBI,landmark
8553,BHLHE40,ENSG00000134107,basic helix-loop-helix family member e40,protein-coding,NCBI,landmark
8569,MKNK1,ENSG00000079277,MAP kinase interacting serine/threonine kinase 1,protein-coding,NCBI,landmark
8573,CASK,ENSG00000147044,calcium/calmodulin dependent serine protein kinase,protein-coding,NCBI,landmark
8574,AKR7A2,ENSG00000053371,aldo-keto reductase family 7 member A2,protein-coding,NCBI,landmark
8607,RUVBL1,ENSG00000175792,RuvB like AAA ATPase 1,protein-coding,NCBI,landmark
8624,PSMG1,ENSG00000183527,proteasome assembly chaperone 1,protein-coding,NCBI,landmark
8678,BECN1,ENSG00000126581,beclin 1,protein-coding,NCBI,landmark
868,CBLB,ENSG00000114423,Cbl proto-oncogene B,protein-coding,NCBI,landmark
8720,MBTPS1,ENSG00000140943,"membrane bound transcription factor peptidase, site 1",protein-coding,NCBI,landmark
8726,EED,ENSG00000074266,embryonic ectoderm development,protein-coding,NCBI,landmark
8727,CTNNAL1,ENSG00000119326,catenin alpha like 1,protein-coding,NCBI,landmark
873,CBR1,ENSG00000159228,carbonyl reductase 1,protein-coding,NCBI,landmark
8731,RNMT,ENSG00000101654,RNA guanine-7 methyltransferase,protein-coding,NCBI,landmark
874,CBR3,ENSG00000159231,carbonyl reductase 3,protein-coding,NCBI,landmark
8800,PEX11A,ENSG00000166821,peroxisomal biogenesis factor 11 alpha,protein-coding,NCBI,landmark
8804,CREG1,ENSG00000143162,cellular repressor of E1A stimulated genes 1,protein-coding,NCBI,landmark
8821,INPP4B,ENSG00000109452,inositol polyphosphate-4-phosphatase type II B,protein-coding,NCBI,landmark
8826,IQGAP1,ENSG00000140575,IQ motif containing GTPase activating protein 1,protein-coding,NCBI,landmark
8835,SOCS2,ENSG00000120833,suppressor of cytokine signaling 2,protein-coding,NCBI,landmark
8837,CFLAR,ENSG00000003402,CASP8 and FADD like apoptosis regulator,protein-coding,NCBI,landmark
8851,CDK5R1,ENSG00000176749,cyclin dependent kinase 5 regulatory subunit 1,protein-coding,NCBI,landmark
8869,ST3GAL5,ENSG00000115525,"ST3 beta-galactoside alpha-2,3-sialyltransferase 5",protein-coding,NCBI,landmark
8870,IER3,ENSG00000137331,immediate early response 3,protein-coding,NCBI,landmark
8878,SQSTM1,ENSG00000161011,sequestosome 1,protein-coding,NCBI,landmark
8884,SLC5A6,ENSG00000138074,solute carrier family 5 member 6,protein-coding,NCBI,landmark
8895,CPNE3,ENSG00000085719,copine 3,protein-coding,NCBI,landmark
890,CCNA2,ENSG00000145386,cyclin A2,protein-coding,NCBI,landmark
8900,CCNA1,ENSG00000133101,cyclin A1,protein-coding,NCBI,landmark
891,CCNB1,ENSG00000134057,cyclin B1,protein-coding,NCBI,landmark
8914,TIMELESS,ENSG00000111602,timeless circadian regulator,protein-coding,NCBI,landmark
896,CCND3,ENSG00000112576,cyclin D3,protein-coding,NCBI,landmark
8974,P4HA2,ENSG00000072682,prolyl 4-hydroxylase subunit alpha 2,protein-coding,NCBI,landmark
8985,PLOD3,ENSG00000106397,"procollagen-lysine,2-oxoglutarate 5-dioxygenase 3",protein-coding,NCBI,landmark
899,CCNF,ENSG00000162063,cyclin F,protein-coding,NCBI,landmark
89910,UBE3B,ENSG00000151148,ubiquitin protein ligase E3B,protein-coding,NCBI,landmark
8996,NOL3,ENSG00000140939,nucleolar protein 3,protein-coding,NCBI,landmark
9016,SLC25A14,ENSG00000102078,solute carrier family 25 member 14,protein-coding,NCBI,landmark
9019,MPZL1,ENSG00000197965,myelin protein zero like 1,protein-coding,NCBI,landmark
902,CCNH,ENSG00000134480,cyclin H,protein-coding,NCBI,landmark
9053,MAP7,ENSG00000135525,microtubule associated protein 7,protein-coding,NCBI,landmark
90861,JPT2,ENSG00000206053,Jupiter microtubule associated homolog 2,protein-coding,NCBI,landmark
9093,DNAJA3,ENSG00000103423,DnaJ heat shock protein family (Hsp40) member A3,protein-coding,NCBI,landmark
9097,USP14,ENSG00000101557,ubiquitin specific peptidase 14,protein-coding,NCBI,landmark
9112,MTA1,ENSG00000182979,metastasis associated 1,protein-coding,NCBI,landmark
91137,SLC25A46,ENSG00000164209,solute carrier family 25 member 46,protein-coding,NCBI,landmark
9124,PDLIM1,ENSG00000107438,PDZ and LIM domain 1,protein-coding,NCBI,landmark
9126,SMC3,ENSG00000108055,structural maintenance of chromosomes 3,protein-coding,NCBI,landmark
9128,PRPF4,ENSG00000136875,pre-mRNA processing factor 4,protein-coding,NCBI,landmark
9133,CCNB2,ENSG00000157456,cyclin B2,protein-coding,NCBI,landmark
9134,CCNE2,ENSG00000175305,cyclin E2,protein-coding,NCBI,landmark
9143,SYNGR3,ENSG00000127561,synaptogyrin 3,protein-coding,NCBI,landmark
9170,LPAR2,ENSG00000064547,lysophosphatidic acid receptor 2,protein-coding,NCBI,landmark
9181,ARHGEF2,ENSG00000116584,Rho/Rac guanine nucleotide exchange factor 2,protein-coding,NCBI,landmark
9183,ZW10,ENSG00000086827,zw10 kinetochore protein,protein-coding,NCBI,landmark
91949,COG7,ENSG00000168434,component of oligomeric golgi complex 7,protein-coding,NCBI,landmark
9212,AURKB,ENSG00000178999,aurora kinase B,protein-coding,NCBI,landmark
9217,VAPB,ENSG00000124164,VAMP associated protein B and C,protein-coding,NCBI,landmark
9221,NOLC1,ENSG00000166197,nucleolar and coiled-body phosphoprotein 1,protein-coding,NCBI,landmark
9246,UBE2L6,ENSG00000156587,ubiquitin conjugating enzyme E2 L6,protein-coding,NCBI,landmark
9261,MAPKAPK2,ENSG00000162889,mitogen-activated protein kinase-activated protein kinase 2,protein-coding,NCBI,landmark
9267,CYTH1,ENSG00000108669,cytohesin 1,protein-coding,NCBI,landmark
9270,ITGB1BP1,ENSG00000119185,integrin subunit beta 1 binding protein 1,protein-coding,NCBI,landmark
9275,BCL7B,ENSG00000106635,BAF chromatin remodeling complex subunit BCL7B,protein-coding,NCBI,landmark
9276,COPB2,ENSG00000184432,coatomer protein complex subunit beta 2,protein-coding,NCBI,landmark
9289,ADGRG1,ENSG00000205336,adhesion G protein-coupled receptor G1,protein-coding,NCBI,landmark
93487,MAPK1IP1L,ENSG00000168175,mitogen-activated protein kinase 1 interacting protein 1 like,protein-coding,NCBI,landmark
93594,TBC1D31,ENSG00000156787,TBC1 domain family member 31,protein-coding,NCBI,landmark
9375,TM9SF2,ENSG00000125304,transmembrane 9 superfamily member 2,protein-coding,NCBI,landmark
94239,H2AFV,ENSG00000105968,H2A histone family member V,protein-coding,NCBI,landmark
9448,MAP4K4,ENSG00000071054,mitogen-activated protein kinase kinase kinase kinase 4,protein-coding,NCBI,landmark
9455,HOMER2,ENSG00000103942,homer scaffold protein 2,protein-coding,NCBI,landmark
9467,SH3BP5,ENSG00000131370,SH3 domain binding protein 5,protein-coding,NCBI,landmark
9488,PIGB,ENSG00000069943,phosphatidylinositol glycan anchor biosynthesis class B,protein-coding,NCBI,landmark
949,SCARB1,ENSG00000073060,scavenger receptor class B member 1,protein-coding,NCBI,landmark
9491,PSMF1,ENSG00000125818,proteasome inhibitor subunit 1,protein-coding,NCBI,landmark
9517,SPTLC2,ENSG00000100596,serine palmitoyltransferase long chain base subunit 2,protein-coding,NCBI,landmark
9519,TBPL1,ENSG00000028839,TATA-box binding protein like 1,protein-coding,NCBI,landmark
9531,BAG3,ENSG00000151929,BCL2 associated athanogene 3,protein-coding,NCBI,landmark
9533,POLR1C,ENSG00000171453,RNA polymerase I and III subunit C,protein-coding,NCBI,landmark
9552,SPAG7,ENSG00000091640,sperm associated antigen 7,protein-coding,NCBI,landmark
958,CD40,ENSG00000101017,CD40 molecule,protein-coding,NCBI,landmark
960,CD44,ENSG00000026508,CD44 molecule (Indian blood group),protein-coding,NCBI,landmark
9637,FEZ2,ENSG00000171055,fasciculation and elongation protein zeta 2,protein-coding,NCBI,landmark
9641,IKBKE,ENSG00000263528,inhibitor of nuclear factor kappa B kinase subunit epsilon,protein-coding,NCBI,landmark
965,CD58,ENSG00000116815,CD58 molecule,protein-coding,NCBI,landmark
9650,MTFR1,ENSG00000066855,mitochondrial fission regulator 1,protein-coding,NCBI,landmark
9653,HS2ST1,ENSG00000153936,heparan sulfate 2-O-sulfotransferase 1,protein-coding,NCBI,landmark
9670,IPO13,ENSG00000117408,importin 13,protein-coding,NCBI,landmark
9686,VGLL4,ENSG00000144560,vestigial like family member 4,protein-coding,NCBI,landmark
9688,NUP93,ENSG00000102900,nucleoporin 93,protein-coding,NCBI,landmark
9690,UBE3C,ENSG00000009335,ubiquitin protein ligase E3C,protein-coding,NCBI,landmark
9695,EDEM1,ENSG00000134109,ER degradation enhancing alpha-mannosidase like protein 1,protein-coding,NCBI,landmark
9697,TRAM2,ENSG00000065308,translocation associated membrane protein 2,protein-coding,NCBI,landmark
9702,CEP57,ENSG00000166037,centrosomal protein 57,protein-coding,NCBI,landmark
9703,KIAA0100,ENSG00000007202,KIAA0100,protein-coding,NCBI,landmark
9709,HERPUD1,ENSG00000051108,homocysteine inducible ER protein with ubiquitin like domain 1,protein-coding,NCBI,landmark
9710,KIAA0355,ENSG00000166398,KIAA0355,protein-coding,NCBI,landmark
9712,USP6NL,ENSG00000148429,USP6 N-terminal like,protein-coding,NCBI,landmark
9738,CCP110,ENSG00000103540,centriolar coiled-coil protein 110,protein-coding,NCBI,landmark
976,ADGRE5,ENSG00000123146,adhesion G protein-coupled receptor E5,protein-coding,NCBI,landmark
9761,MLEC,ENSG00000110917,malectin,protein-coding,NCBI,landmark
9797,TATDN2,ENSG00000157014,TatD DNase domain containing 2,protein-coding,NCBI,landmark
9801,MRPL19,ENSG00000115364,mitochondrial ribosomal protein L19,protein-coding,NCBI,landmark
9805,SCRN1,ENSG00000136193,secernin 1,protein-coding,NCBI,landmark
9813,EFCAB14,ENSG00000159658,EF-hand calcium binding domain 14,protein-coding,NCBI,landmark
9817,KEAP1,ENSG00000079999,kelch like ECH associated protein 1,protein-coding,NCBI,landmark
983,CDK1,ENSG00000170312,cyclin dependent kinase 1,protein-coding,NCBI,landmark
9833,MELK,ENSG00000165304,maternal embryonic leucine zipper kinase,protein-coding,NCBI,landmark
9842,PLEKHM1,ENSG00000225190,pleckstrin homology and RUN domain containing M1,protein-coding,NCBI,landmark
9847,C2CD5,ENSG00000111731,C2 calcium dependent domain containing 5,protein-coding,NCBI,landmark
9851,KIAA0753,ENSG00000198920,KIAA0753,protein-coding,NCBI,landmark
9854,C2CD2L,ENSG00000172375,C2CD2 like,protein-coding,NCBI,landmark
9868,TOMM70,ENSG00000154174,translocase of outer mitochondrial membrane 70,protein-coding,NCBI,landmark
9897,WASHC5,ENSG00000164961,WASH complex subunit 5,protein-coding,NCBI,landmark
9903,KLHL21,ENSG00000162413,kelch like family member 21,protein-coding,NCBI,landmark
991,CDC20,ENSG00000117399,cell division cycle 20,protein-coding,NCBI,landmark
9915,ARNT2,ENSG00000172379,aryl hydrocarbon receptor nuclear translocator 2,protein-coding,NCBI,landmark
9917,FAM20B,ENSG00000116199,FAM20B glycosaminoglycan xylosylkinase,protein-coding,NCBI,landmark
9918,NCAPD2,ENSG00000010292,non-SMC condensin I complex subunit D2,protein-coding,NCBI,landmark
9924,PAN2,ENSG00000135473,poly(A) specific ribonuclease subunit PAN2,protein-coding,NCBI,landmark
9926,LPGAT1,ENSG00000123684,lysophosphatidylglycerol acyltransferase 1,protein-coding,NCBI,landmark
9928,KIF14,ENSG00000118193,kinesin family member 14,protein-coding,NCBI,landmark
993,CDC25A,ENSG00000164045,cell division cycle 25A,protein-coding,NCBI,landmark
994,CDC25B,ENSG00000101224,cell division cycle 25B,protein-coding,NCBI,landmark
9943,OXSR1,ENSG00000172939,oxidative stress responsive kinase 1,protein-coding,NCBI,landmark
9961,MVP,ENSG00000013364,major vault protein,protein-coding,NCBI,landmark
998,CDC42,ENSG00000070831,cell division cycle 42,protein-coding,NCBI,landmark
9988,DMTF1,ENSG00000135164,cyclin D binding myb like transcription factor 1,protein-coding,NCBI,landmark
